date,AAPL,MSFT,JPM,JNJ,XOM,PG,GLD,TLT
2021-09-27,141.78968811035156,282.32293701171875,147.34422302246094,141.90524291992188,49.766170501708984,124.58350372314453,163.63999938964844,122.70288848876953
2021-09-28,138.41493225097656,272.10186767578125,146.550048828125,141.59217834472656,50.28649139404297,123.6424789428711,162.0500030517578,120.79161071777344
2021-09-29,139.31227111816406,272.5625,146.4353485107422,142.6444854736328,50.2529182434082,124.90013122558594,161.32000732421875,121.0011215209961
2021-09-30,138.0150146484375,270.56634521484375,144.44110107421875,140.452880859375,49.36334991455078,122.94772338867188,164.22000122070312,120.98435974121094
2021-10-01,139.13670349121094,277.4571228027344,147.47657775878906,139.55711364746094,51.13410568237305,122.75419616699219,164.58999633789062,122.0025405883789
2021-10-04,135.71310424804688,271.7083740234375,147.31776428222656,138.47003173828125,51.79710388183594,122.0594711303711,165.36000061035156,121.69195556640625
2021-10-05,137.6346435546875,277.1308288574219,149.72349548339844,138.7830810546875,51.713172912597656,122.53436279296875,164.58999633789062,120.51680755615234
2021-10-06,138.50267028808594,281.3056640625,150.04307556152344,139.07008361816406,50.76485824584961,124.17013549804688,165.02999877929688,121.19668579101562
2021-10-07,139.76092529296875,282.97552490234375,150.99290466308594,140.31373596191406,50.90752029418945,125.16397094726562,164.16000366210938,119.92926788330078
2021-10-08,139.3805389404297,282.97552490234375,151.1083221435547,139.9571533203125,52.183143615722656,124.64506530761719,164.22999572753906,119.08988189697266
2021-10-11,139.29273986816406,282.3805847167969,147.93028259277344,139.36578369140625,51.66282653808594,125.16397094726562,163.9199981689453,118.78771209716797
2021-10-12,138.0247802734375,281.0849609375,146.79397583007812,137.13938903808594,51.3942756652832,124.97925567626953,164.66000366210938,120.81900024414062
2021-10-13,137.4395751953125,284.37677001953125,142.9234619140625,138.45260620117188,51.25160217285156,125.26948547363281,167.58999633789062,121.99406433105469
2021-10-14,140.2193603515625,290.5574035644531,145.11618041992188,139.24404907226562,52.032081604003906,126.68539428710938,168.0,122.44737243652344
2021-10-15,141.2727508544922,291.9586181640625,147.90365600585938,140.2789306640625,52.5272331237793,127.01081848144531,165.3300018310547,121.73397064208984
2021-10-18,142.94068908691406,294.9145812988281,147.85035705566406,139.2527313232422,52.5020637512207,125.18152618408203,164.9199981689453,122.30467224121094
2021-10-19,145.09619140625,295.8167724609375,149.6436309814453,142.51402282714844,53.290916442871094,123.70406341552734,165.4499969482422,120.6175765991211
2021-10-20,145.58389282226562,295.0298156738281,151.65872192382812,142.43576049804688,53.584651947021484,124.18775177001953,166.89999389648438,119.80333709716797
2021-10-21,145.79847717285156,298.2449035644531,150.46917724609375,142.1052703857422,52.61114501953125,123.29399871826172,166.75,119.66072845458984
2021-10-22,145.02792358398438,296.70928955078125,152.4931640625,142.383544921875,52.97201156616211,124.6213607788086,167.77000427246094,120.97850799560547
2021-10-25,144.9791717529297,295.7207336425781,151.74749755859375,142.69662475585938,54.0042610168457,124.63903045654297,168.92999267578125,120.7938003540039
2021-10-26,145.6423797607422,297.62103271484375,152.15582275390625,144.1489715576172,55.25471115112305,126.40885925292969,167.67999267578125,121.79265594482422
2021-10-27,145.1840057373047,310.1551208496094,148.98666381835938,142.40098571777344,53.81962203979492,125.50627899169922,168.1199951171875,124.00858306884766
2021-10-28,148.81240844726562,311.2875061035156,151.2325897216797,141.6269073486328,53.970703125,126.25843048095703,168.0800018310547,123.58889770507812
2021-10-29,146.11058044433594,318.26470947265625,150.8153533935547,141.65306091308594,54.104976654052734,126.53278350830078,166.64999389648438,123.96661376953125
2021-11-01,145.29129028320312,316.10540771484375,150.73550415039062,141.7747802734375,55.078468322753906,126.2229995727539,167.52000427246094,123.07412719726562
2021-11-02,146.32518005371094,319.71392822265625,151.3302459716797,144.0098419189453,54.39870834350586,127.4795913696289,167.16000366210938,123.62040710449219
2021-11-03,147.75897216796875,320.5489807128906,151.3834991455078,143.5489044189453,53.651790618896484,128.35562133789062,165.77000427246094,122.3429183959961
2021-11-04,147.24203491210938,322.890625,149.39500427246094,143.1488800048828,54.054622650146484,128.5945587158203,167.64999389648438,123.62877655029297
2021-11-05,147.76950073242188,322.5259704589844,149.18197631835938,142.13134765625,54.56654739379883,129.23171997070312,169.83999633789062,125.47777557373047
2021-11-08,146.94898986816406,323.41851806640625,150.07855224609375,141.6443328857422,55.15400695800781,128.2671661376953,170.4499969482422,125.24237823486328
2021-11-09,147.3103790283203,322.4203796386719,148.94227600097656,141.33123779296875,55.69111251831055,128.65652465820312,171.2899932861328,126.8729019165039
2021-11-10,144.48744201660156,317.477783203125,148.80023193359375,142.86187744140625,54.593963623046875,129.9219512939453,173.14999389648438,124.55327606201172
2021-11-11,144.43861389160156,319.0421447753906,148.79135131835938,141.8095703125,54.6960334777832,129.55029296875,174.1199951171875,124.3683853149414
2021-11-12,146.50941467285156,323.15936279296875,148.12557983398438,143.5054473876953,54.27928161621094,129.69186401367188,174.4499969482422,123.82208251953125
2021-11-15,146.5192108154297,322.53558349609375,147.85922241210938,142.20960998535156,54.74705123901367,130.43519592285156,174.17999267578125,122.26724243164062
2021-11-16,147.49598693847656,325.8369445800781,146.79397583007812,141.47039794921875,55.29987716674805,130.2493896484375,172.9199981689453,121.95633697509766
2021-11-17,149.92823791503906,326.05810546875,146.00389099121094,142.00091552734375,54.6960334777832,130.16973876953125,174.5,122.92284393310547
2021-11-18,154.20657348632812,328.1253356933594,144.74334716796875,141.235595703125,54.10067367553711,130.18743896484375,173.94000244140625,123.38502502441406
2021-11-19,156.82437133789062,329.8943786621094,142.8524627685547,141.66171264648438,51.600189208984375,129.9219512939453,172.61000061035156,124.6877212524414
2021-11-22,157.28346252441406,326.74078369140625,145.8973846435547,139.7971954345703,52.31460952758789,130.7891387939453,168.74000549316406,123.22537994384766
2021-11-23,157.66444396972656,324.6736145019531,149.38612365722656,140.6637725830078,53.692420959472656,132.2404022216797,167.27999877929688,121.44361877441406
2021-11-24,158.18211364746094,324.8947448730469,148.21435546875,140.26986694335938,53.99010467529297,131.55015563964844,167.1199951171875,123.39347076416016
2021-11-26,153.1711883544922,316.9817199707031,143.74908447265625,139.3594970703125,52.09347152709961,130.49716186523438,166.85000610351562,126.51143646240234
2021-11-29,156.52159118652344,323.6640319824219,143.12767028808594,139.84095764160156,52.38264083862305,131.8687286376953,166.6199951171875,125.49454498291016
2021-11-30,161.4641571044922,317.856689453125,140.99716186523438,136.49703979492188,50.89426803588867,127.93974304199219,165.5,127.40234375
2021-12-01,160.9464569091797,317.3663330078125,140.16270446777344,138.3790740966797,50.851741790771484,129.55029296875,166.16000366210938,128.18826293945312
2021-12-02,159.95986938476562,316.7990417480469,143.10995483398438,137.51246643066406,52.11899185180664,130.31129455566406,165.24000549316406,128.34817504882812
2021-12-03,158.08444213867188,310.5686340332031,140.5177764892578,139.51708984375,51.78729248046875,132.62974548339844,166.6300048828125,129.87957763671875
2021-12-06,161.4836883544922,313.6260986328125,142.17782592773438,142.6333770751953,52.374141693115234,134.6385040283203,166.22000122070312,128.095703125
2021-12-07,167.20770263671875,322.0198974609375,144.31724548339844,143.00103759765625,52.96099090576172,134.28451538085938,166.80999755859375,127.06076049804688
2021-12-08,171.01719665527344,322.0680236816406,142.66610717773438,143.8589324951172,53.11408996582031,134.88624572753906,166.89999389648438,124.8645248413086
2021-12-09,170.50929260253906,320.27001953125,142.4441680908203,145.22450256347656,53.25017166137695,135.67381286621094,165.8800048828125,125.56295013427734
2021-12-10,175.28578186035156,329.346435546875,141.87600708007812,144.86561584472656,53.590362548828125,137.56753540039062,166.5800018310547,125.2600326538086
2021-12-13,171.66189575195312,326.327392578125,140.1893310546875,147.4567108154297,52.41667175292969,139.52320861816406,167.0,127.1112289428711
2021-12-14,170.2846221923828,315.693359375,141.26348876953125,149.06739807128906,52.340118408203125,140.0364227294922,165.44000244140625,126.80830383300781
2021-12-15,175.13929748535156,321.7603454589844,140.2070770263672,149.81149291992188,52.1104850769043,140.57623291015625,166.14999389648438,125.588134765625
2021-12-16,168.26263427734375,312.3858642578125,142.39974975585938,151.44839477539062,52.19553756713867,142.56727600097656,168.16000366210938,125.63703918457031
2021-12-17,167.16864013671875,311.3282165527344,139.1595458984375,147.2641143798828,51.05585479736328,139.33738708496094,167.8000030517578,127.06074523925781
2021-12-20,165.81088256835938,307.58807373046875,136.6562042236328,146.84393310546875,50.31591796875,139.69126892089844,167.08999633789062,126.10873413085938
2021-12-21,168.97572326660156,314.6838684082031,138.56478881835938,146.37123107910156,51.455596923828125,139.6028289794922,167.02000427246094,125.6286392211914
2021-12-22,171.5642547607422,320.3661804199219,139.10630798339844,147.00149536132812,51.87233352661133,140.9832763671875,168.58999633789062,126.20989990234375
2021-12-23,172.18934631347656,321.79876708984375,139.60340881347656,147.28163146972656,51.897865295410156,141.67347717285156,168.97000122070312,125.11482238769531
2021-12-27,176.1453857421875,329.2599792480469,140.40240478515625,148.52464294433594,52.637794494628906,143.32827758789062,169.3699951171875,125.4179916381836
2021-12-28,175.12950134277344,328.1061096191406,140.82847595214844,149.11988830566406,52.46769332885742,144.0980987548828,168.63999938964844,124.92100524902344
2021-12-29,175.21743774414062,328.7791442871094,140.7574462890625,150.17034912109375,52.0084228515625,145.2927703857422,168.58999633789062,123.55625915527344
2021-12-30,174.06480407714844,326.25042724609375,140.68641662597656,150.83563232421875,51.70223617553711,144.03619384765625,169.8000030517578,124.59242248535156
2021-12-31,173.4494171142578,323.365966796875,140.57106018066406,149.75021362304688,52.042457580566406,144.75299072265625,170.9600067138672,124.83673095703125
2022-01-03,177.78636169433594,321.8564758300781,143.544921875,150.16159057617188,54.041133880615234,144.15122985839844,168.3300018310547,121.55973052978516
2022-01-04,175.52999877929688,316.3374938964844,148.98666381835938,149.75894165039062,56.07384490966797,144.6556396484375,169.57000732421875,121.05432891845703
2022-01-05,170.8609161376953,304.1939697265625,146.2628936767578,150.75685119628906,56.77125930786133,145.31048583984375,169.05999755859375,120.39725494384766
2022-01-06,168.0086669921875,301.7903747558594,147.81680297851562,150.24038696289062,58.10655975341797,144.0893096923828,166.99000549316406,120.70884704589844
2022-01-07,168.17474365234375,301.94415283203125,149.2813720703125,152.27125549316406,58.582828521728516,144.00967407226562,167.75,119.84125518798828
2022-01-10,168.19424438476562,302.16534423828125,149.4242706298828,151.51840209960938,58.2341194152832,142.04518127441406,168.25999450683594,120.13606262207031
2022-01-11,171.01719665527344,302.8480224609375,149.57608032226562,149.90777587890625,60.68357849121094,140.39926147460938,170.2899932861328,120.93640899658203
2022-01-12,171.456787109375,306.0111999511719,150.42446899414062,148.62969970703125,60.504981994628906,140.70892333984375,170.74000549316406,120.47309112548828
2022-01-13,168.19424438476562,293.06005859375,150.2369384765625,147.72804260253906,60.07122039794922,140.07179260253906,170.16000366210938,121.5429916381836
2022-01-14,169.05386352539062,298.2520446777344,141.00286865234375,146.9227294921875,61.12584686279297,141.41690063476562,169.6699981689453,119.70648193359375
2022-01-18,165.85972595214844,290.9928894042969,135.09092712402344,146.27493286132812,62.154972076416016,138.69137573242188,169.38999938964844,118.02161407470703
2022-01-19,162.37254333496094,291.64666748046875,133.0011444091797,145.81976318359375,62.18048095703125,143.3548126220703,172.0800018310547,118.83879852294922
2022-01-20,160.69244384765625,289.9833068847656,131.8669891357422,144.65550231933594,62.31654739379883,144.12884521484375,171.64999389648438,119.57171630859375
2022-01-21,158.64122009277344,284.6278381347656,129.56295776367188,144.32286071777344,61.38100814819336,144.6804656982422,171.08999633789062,120.995361328125
2022-01-24,157.86953735351562,284.9547119140625,129.4468231201172,142.65963745117188,61.90831756591797,143.50608825683594,172.02999877929688,120.00131225585938
2022-01-25,156.07225036621094,277.3782958984375,130.8578643798828,146.73887634277344,63.7284049987793,141.94020080566406,172.5800018310547,119.80757141113281
2022-01-26,155.98439025878906,285.2817077636719,132.0991973876953,147.3954315185547,63.08199691772461,140.7035369873047,169.7899932861328,118.35858154296875
2022-01-27,155.5252685546875,288.2911376953125,129.768310546875,149.3300018310547,63.889984130859375,141.57546997070312,167.60000610351562,120.53199768066406
2022-01-28,166.37745666503906,296.3867492675781,130.92929077148438,150.3804473876953,64.02608489990234,142.7943115234375,167.10000610351562,120.57418823242188
2022-01-31,170.72415161132812,299.0020446777344,132.70645141601562,150.81814575195312,64.60440826416016,142.7498321533203,168.08999633789062,119.95082092285156
2022-02-01,170.55810546875,296.8675842285156,134.9837188720703,149.58387756347656,68.74636840820312,142.1181640625,168.22999572753906,119.5525894165039
2022-02-02,171.7595672607422,301.38653564453125,133.9031219482422,151.23831176757812,68.56776428222656,144.66268920898438,168.83999633789062,119.95750427246094
2022-02-03,168.8877716064453,289.6467590332031,132.79576110839844,151.22955322265625,67.76830291748047,146.0327606201172,168.60000610351562,119.02113342285156
2022-02-04,168.60415649414062,294.1561279296875,136.24288940429688,150.24038696289062,69.23966979980469,143.710693359375,168.86000061035156,117.2665023803711
2022-02-07,167.89019775390625,289.35833740234375,136.6983642578125,149.74143981933594,70.07316589355469,142.63417053222656,170.11000061035156,117.34242248535156
2022-02-08,170.99058532714844,292.8293762207031,139.2703399658203,150.1353302001953,68.26158142089844,142.3138885498047,170.6300048828125,116.55790710449219
2022-02-09,172.40872192382812,299.22314453125,139.85084533691406,150.1178436279297,67.93482208251953,141.99362182617188,171.2100067138672,116.77722930908203
2022-02-10,168.340087890625,290.7332763671875,139.2703399658203,148.30580139160156,67.2812728881836,139.83164978027344,170.55999755859375,114.9212875366211
2022-02-11,164.9365234375,283.6759948730469,137.45745849609375,146.80892944335938,68.97533416748047,139.04876708984375,173.80999755859375,116.6253433227539
2022-02-14,165.17124938964844,283.63751220703125,136.18038940429688,144.96188354492188,67.91761016845703,139.44912719726562,174.74000549316406,115.17436981201172
2022-02-15,168.9954071044922,288.8968200683594,138.17189025878906,146.4587860107422,67.06627655029297,139.52029418945312,173.0800018310547,113.8668441772461
2022-02-16,168.7606201171875,288.55963134765625,138.42193603515625,146.37123107910156,67.37586212158203,140.57901000976562,174.86000061035156,114.54169464111328
2022-02-17,165.17124938964844,280.1099853515625,135.23374938964844,145.47837829589844,67.27265930175781,142.18934631347656,177.25,115.39373016357422
2022-02-18,163.62594604492188,277.4122314453125,135.86782836914062,143.91900634765625,66.5245361328125,142.26051330566406,177.1199951171875,116.60848236083984
2022-02-22,160.71141052246094,277.2099304199219,135.62673950195312,141.96322631835938,65.75057983398438,140.5078125,177.49000549316406,116.91218566894531
2022-02-23,156.55471801757812,270.03204345703125,132.7868194580078,142.03367614746094,66.01715087890625,138.755126953125,178.2899932861328,115.30091094970703
2022-02-24,159.16610717773438,283.8289794921875,129.08961486816406,139.3201904296875,65.18303680419922,135.01849365234375,177.13999938964844,115.3768539428711
2022-02-25,161.2297821044922,286.4496154785156,132.14385986328125,146.2447967529297,66.93728637695312,140.78363037109375,176.5500030517578,115.46119689941406
2022-02-28,161.49380493164062,287.8756103515625,126.63374328613281,144.98500061035156,67.43606567382812,138.69287109375,178.3800048828125,117.99199676513672
2022-03-01,159.615966796875,284.1758117675781,121.85594940185547,144.48280334472656,68.08100891113281,136.39747619628906,181.6199951171875,119.356201171875
2022-03-02,162.90220642089844,289.2243347167969,124.38327026367188,146.280029296875,69.2505111694336,136.8245391845703,179.72999572753906,115.27625274658203
2022-03-03,162.5794219970703,285.1103515625,123.49918365478516,148.42967224121094,69.68907165527344,137.33163452148438,180.8000030517578,116.45039367675781
2022-03-04,159.58663940429688,279.271728515625,120.02523040771484,149.3106689453125,72.31187438964844,138.02561950683594,183.67999267578125,118.46080017089844
2022-03-07,155.80165100097656,268.7218017578125,115.39032745361328,151.71580505371094,74.91748046875,135.97935485839844,186.41000366210938,117.55693817138672
2022-03-08,153.98248291015625,265.7735595703125,114.5776596069336,148.64112854003906,75.48503112792969,130.59674072265625,191.50999450683594,116.37435913085938
2022-03-09,159.3714599609375,277.9614562988281,119.16790771484375,149.2049560546875,71.19395446777344,132.35836791992188,185.82000732421875,115.23405456542969
2022-03-10,155.03875732421875,275.15771484375,117.75688934326172,149.4692840576172,73.40401458740234,128.9508514404297,186.39999389648438,113.57841491699219
2022-03-11,151.33204650878906,269.83935546875,115.10455322265625,149.1961669921875,73.02562713623047,127.42059326171875,185.08999633789062,113.95854187011719
2022-03-14,147.312255859375,266.3419494628906,116.24765014648438,151.25765991210938,70.41143035888672,129.04869079589844,182.3000030517578,111.29774475097656
2022-03-15,151.68406677246094,276.6607360839844,118.3105697631836,155.1781005859375,66.40412902832031,133.69284057617188,178.88999938964844,111.1034164428711
2022-03-16,156.0852813720703,283.6363525390625,123.59740447998047,153.75091552734375,66.15473937988281,133.23910522460938,180.00999450683594,112.19309997558594
2022-03-17,157.09263610839844,284.4359436035156,125.1602554321289,155.7595672607422,67.91761016845703,133.65725708007812,180.88999938964844,111.3568344116211
2022-03-18,160.3788604736328,289.4556579589844,125.11559295654297,154.03282165527344,67.65103149414062,133.5861053466797,179.3000030517578,112.71683502197266
2022-03-21,161.7481231689453,288.23199462890625,124.71369934082031,154.90499877929688,70.68661499023438,134.09323120117188,180.6699981689453,110.10670471191406
2022-03-22,165.11257934570312,292.9530334472656,127.36603546142578,154.17376708984375,70.37702178955078,135.12521362304688,179.36000061035156,108.69602966308594
2022-03-23,166.47206115722656,288.5499572753906,124.82978820800781,153.59228515625,71.48634338378906,134.18218994140625,181.80999755859375,111.0781021118164
2022-03-24,170.2472686767578,292.9915771484375,125.6424789428711,154.38516235351562,71.70132446289062,134.4135284423828,183.1300048828125,110.20800018310547
2022-03-25,170.8830108642578,292.5869445800781,126.74092864990234,155.86526489257812,73.26641082763672,135.970458984375,182.3800048828125,108.67914581298828
2022-03-28,171.74366760253906,299.35052490234375,125.80323028564453,156.66696166992188,71.21118927001953,136.90460205078125,179.05999755859375,109.6082992553711
2022-03-29,175.0299072265625,303.8884582519531,126.08002471923828,156.587646484375,70.83280944824219,138.31033325195312,179.13999938964844,110.43612670898438
2022-03-30,173.86602783203125,302.3950500488281,125.50851440429688,158.21751403808594,72.0453109741211,137.3583526611328,180.5800018310547,111.29774475097656
2022-03-31,170.77540588378906,297.04779052734375,121.7398910522461,156.13841247558594,71.02198791503906,135.94375610351562,180.64999389648438,111.5680160522461
2022-04-01,170.48199462890625,298.11724853515625,120.8378677368164,156.984130859375,71.47773742675781,137.9811248779297,179.5,111.99267578125
2022-04-04,174.52127075195312,303.46453857421875,121.37370300292969,155.4688262939453,71.51216888427734,137.08255004882812,180.3699951171875,111.21441650390625
2022-04-05,171.2155303955078,299.52392578125,119.96124267578125,156.47314453125,71.14236450195312,137.56297302246094,179.24000549316406,108.70179748535156
2022-04-06,168.05645751953125,288.55963134765625,118.29689025878906,160.54330444335938,71.93353271484375,139.52919006347656,179.66000366210938,107.82196807861328
2022-04-07,168.35964965820312,290.36126708984375,117.93700408935547,160.12925720214844,73.13743591308594,141.3352508544922,180.33999633789062,107.00981140136719
2022-04-08,166.35467529296875,286.12200927734375,120.09619140625,160.44644165039062,74.67670440673828,142.43844604492188,181.47000122070312,105.85079193115234
2022-04-11,162.1099853515625,274.8398132324219,119.65536499023438,158.43772888183594,72.10549926757812,141.895751953125,182.3699951171875,104.17572021484375
2022-04-12,163.9780731201172,271.7567138671875,118.34185028076172,158.49063110351562,73.61038970947266,141.46871948242188,183.77000427246094,104.03191375732422
2022-04-13,166.6578826904297,277.1135559082031,114.52728271484375,159.16017150878906,74.6509017944336,141.86904907226562,184.64999389648438,104.243408203125
2022-04-14,161.66009521484375,269.6081848144531,113.46569061279297,158.49063110351562,75.52804565429688,141.07725524902344,184.0399932861328,102.15380859375
2022-04-18,161.44493103027344,270.27288818359375,115.5708999633789,156.51719665527344,76.14720153808594,139.73379516601562,184.61000061035156,101.64620208740234
2022-04-19,163.72373962402344,274.8783264160156,117.96399688720703,161.29217529296875,75.46784210205078,141.82455444335938,181.82000732421875,100.88477325439453
2022-04-20,163.55746459960938,275.89959716796875,118.37784576416016,162.00576782226562,75.63981628417969,145.59681701660156,182.7100067138672,102.91519927978516
2022-04-21,162.76522827148438,270.55224609375,117.46016693115234,161.53884887695312,74.84009552001953,145.4832305908203,182.05999755859375,102.15380859375
2022-04-22,158.23695373535156,264.02001953125,114.08644104003906,159.93545532226562,73.20622253417969,144.26644897460938,180.2899932861328,101.51084899902344
2022-04-25,159.3030242919922,270.4656066894531,114.05045318603516,163.8734588623047,70.73820495605469,145.42955017089844,177.0500030517578,102.52604675292969
2022-04-26,153.35653686523438,260.3491516113281,110.67671203613281,162.7017364501953,70.7640151977539,142.96022033691406,177.32000732421875,103.55815887451172
2022-04-27,153.13162231445312,272.8743591308594,109.23725128173828,160.4287872314453,72.78485107421875,142.5755157470703,175.97999572753906,102.22991180419922
2022-04-28,160.04635620117188,279.0501708984375,110.96461486816406,161.626953125,74.98628234863281,146.19891357421875,176.92999267578125,102.3821792602539
2022-04-29,154.18788146972656,267.38250732421875,107.38394165039062,158.9839630126953,73.30938720703125,143.64016723632812,176.91000366210938,101.05398559570312
2022-05-02,154.4910430908203,274.0786437988281,108.36456298828125,157.38058471679688,74.30693054199219,141.69876098632812,173.6300048828125,99.30236053466797
2022-05-03,155.97764587402344,271.4869079589844,110.68571472167969,157.0721893310547,75.83763122558594,139.75726318359375,174.08999633789062,99.9718246459961
2022-05-04,162.37405395507812,279.38739013671875,114.34734344482422,158.75491333007812,78.85599517822266,140.78614807128906,175.8000030517578,100.52264404296875
2022-05-05,153.32720947265625,267.21875,111.48640441894531,155.7242889404297,77.66068267822266,138.19158935546875,175.1300048828125,97.76849365234375
2022-05-06,154.052001953125,264.6944274902344,111.30647277832031,155.38072204589844,78.84738159179688,139.56942749023438,175.4199981689453,96.3278579711914
2022-05-09,148.93914794921875,254.91522216796875,109.63310241699219,156.2264862060547,72.63005065917969,139.22048950195312,172.8800048828125,97.17526245117188
2022-05-10,151.33883666992188,259.65545654296875,106.96111297607422,156.01499938964844,73.11161041259766,138.48684692382812,171.4199981689453,98.056640625
2022-05-11,143.49327087402344,251.03236389160156,106.28636932373047,155.16921997070312,74.63369750976562,136.53643798828125,172.82000732421875,99.94639587402344
2022-05-12,139.63412475585938,246.02236938476562,106.19638061523438,156.7022247314453,74.9725341796875,135.98175048828125,170.1699981689453,99.75996398925781
2022-05-13,144.0907745361328,251.58160400390625,107.14103698730469,155.80361938476562,77.19649505615234,137.44007873535156,168.7899932861328,98.28543090820312
2022-05-16,142.55296325683594,251.94773864746094,106.3943099975586,156.88722229003906,79.01217651367188,138.78208923339844,170.39999389648438,98.18372344970703
2022-05-17,146.17701721191406,257.0734558105469,109.92100524902344,157.5391387939453,80.01990509033203,138.38844299316406,169.3300018310547,96.99732971191406
2022-05-18,137.92984008789062,245.36891174316406,108.04069519042969,154.61428833007812,78.75153350830078,129.76376342773438,169.4199981689453,99.06505584716797
2022-05-19,134.5310821533203,244.46115112304688,106.43929290771484,153.2399139404297,79.1772232055664,126.7755355834961,171.91000366210938,99.30236053466797
2022-05-20,134.76611328125,243.90101623535156,105.56661987304688,155.91810607910156,79.80271911621094,126.85603332519531,172.02999877929688,100.42945861816406
2022-05-23,140.17282104492188,251.71360778808594,112.09817504882812,159.1011962890625,81.5662841796875,129.772705078125,172.8300018310547,98.77693939208984
2022-05-24,137.47927856445312,250.7189483642578,113.68160247802734,160.83901977539062,82.00934600830078,132.0809783935547,174.1300048828125,100.72604370117188
2022-05-25,137.635986328125,253.51956176757812,114.47329711914062,159.2608184814453,83.65996551513672,129.9158477783203,173.0800018310547,101.12433624267578
2022-05-26,140.82907104492188,256.7836608886719,116.45256042480469,159.1189422607422,83.955322265625,131.0520782470703,172.75999450683594,100.666748046875
2022-05-27,146.56884765625,263.8720397949219,118.09894561767578,160.56419372558594,84.7806167602539,133.05616760253906,172.85000610351562,100.91251373291016
2022-05-31,145.78521728515625,262.5489196777344,118.96263122558594,159.18099975585938,83.39932250976562,132.30462646484375,171.13999938964844,98.77693939208984
2022-06-01,145.6579132080078,263.08013916015625,116.8753890991211,157.56729125976562,84.99781036376953,130.30055236816406,172.22999572753906,98.66403198242188
2022-06-02,148.1066131591797,265.1661071777344,118.7557144165039,157.07078552246094,84.8501205444336,131.7052459716797,174.35000610351562,98.71498107910156
2022-06-03,142.39627075195312,260.762451171875,117.10033416748047,156.4235076904297,86.0837173461914,130.52423095703125,172.5800018310547,98.50274658203125
2022-06-06,143.14064025878906,259.53594970703125,116.71344757080078,156.40576171875,85.86653900146484,130.01425170898438,171.82000732421875,96.68600463867188
2022-06-07,145.6579132080078,263.1573791503906,117.01937103271484,158.12586975097656,89.80195617675781,131.4636688232422,172.94000244140625,97.7302017211914
2022-06-08,144.9232635498047,261.1390075683594,115.15703582763672,157.18603515625,90.86182403564453,129.82638549804688,172.77999877929688,96.86426544189453
2022-06-09,139.7124481201172,255.71173095703125,112.73695373535156,154.0207061767578,88.89847564697266,127.4823226928711,172.22999572753906,97.18688201904297
2022-06-10,134.3155517578125,244.3162841796875,107.55489349365234,152.9921875,87.27392578125,126.99920654296875,174.5399932861328,96.58413696289062
2022-06-13,129.17330932617188,233.9541473388672,104.3520736694336,151.4493865966797,83.26900482177734,123.5994644165039,169.92999267578125,93.55341339111328
2022-06-14,130.0352325439453,236.10772705078125,102.61572265625,149.1263885498047,83.48619079589844,119.74337768554688,168.57000732421875,92.37337493896484
2022-06-15,132.65042114257812,243.12847900390625,103.83026123046875,150.72235107421875,82.43501281738281,118.55345916748047,170.77000427246094,94.09672546386719
2022-06-16,127.39065551757812,236.5712127685547,102.04891967773438,150.80213928222656,79.39441680908203,119.27819061279297,172.69000244140625,94.84379577636719
2022-06-17,128.85986328125,239.15936279296875,101.68905639648438,150.25241088867188,74.81612396240234,118.41925048828125,171.27000427246094,95.14940643310547
2022-06-21,133.0814208984375,245.0405731201172,104.20812225341797,153.40003967285156,79.47261047363281,122.00691223144531,170.6300048828125,93.53642272949219
2022-06-22,132.57211303710938,244.4514923095703,103.62335205078125,155.8206024169922,76.32775115966797,123.91259002685547,171.30999755859375,96.10872650146484
2022-06-23,135.43215942382812,249.98501586914062,102.48974609375,159.29623413085938,74.02558898925781,127.31233215332031,170.25999450683594,96.89822387695312
2022-06-24,138.75259399414062,258.52197265625,105.54862213134766,161.62818908691406,75.49374389648438,129.14642333984375,170.08999633789062,95.5569076538086
2022-06-27,138.75259399414062,255.808349609375,104.70293426513672,161.47743225097656,77.34418487548828,128.1622772216797,169.89999389648438,94.74192810058594
2022-06-28,134.61920166015625,247.68663024902344,104.19912719726562,156.8845672607422,79.489990234375,126.07767486572266,169.6199951171875,95.18339538574219
2022-06-29,136.37246704101562,251.3370361328125,103.7313003540039,156.92889404296875,76.55363464355469,127.222900390625,169.49000549316406,96.66903686523438
2022-06-30,133.91397094726562,248.0246124267578,101.31121826171875,157.38995361328125,74.39913940429688,128.6453857421875,168.4600067138672,97.51795196533203
2022-07-01,136.07862854003906,250.6803436279297,102.60672760009766,159.1721649169922,76.0584487915039,130.7210693359375,168.32000732421875,98.51913452148438
2022-07-05,138.6546173095703,253.8382110595703,102.2164535522461,157.94857788085938,73.6780776977539,129.45956420898438,164.75,99.2931900024414
2022-07-06,139.98672485351562,257.0830078125,101.55387115478516,158.09042358398438,72.3488998413086,130.66734313964844,162.13999938964844,97.62596893310547
2022-07-07,143.3463897705078,259.19793701171875,104.12245178222656,158.26773071289062,74.6597671508789,130.6226348876953,162.22999572753906,96.76687622070312
2022-07-08,144.02218627929688,258.4833068847656,103.79570770263672,158.07269287109375,74.7813949584961,129.74588012695312,162.3000030517578,95.69507598876953
2022-07-11,141.89674377441406,255.44129943847656,102.43427276611328,158.134765625,74.39913940429688,130.6584014892578,161.42999267578125,97.34528350830078
2022-07-12,142.86636352539062,244.9729766845703,102.53412628173828,155.91810607910156,73.40877532958984,129.5042724609375,160.8300018310547,97.92371368408203
2022-07-13,142.50399780273438,244.05552673339844,101.57202911376953,155.55459594726562,73.70415496826172,130.35423278808594,161.60000610351562,99.04653930664062
2022-07-14,145.4228515625,245.36891174316406,98.02322387695312,155.7673797607422,72.22728729248047,129.9695281982422,159.3300018310547,98.2384262084961
2022-07-15,147.08790588378906,247.91842651367188,102.5159683227539,158.0283660888672,73.44352722167969,129.79061889648438,159.00999450683594,98.79134368896484
2022-07-18,144.05154418945312,245.53309631347656,101.46311950683594,154.4817352294922,74.79875183105469,128.2159423828125,159.16000366210938,97.7620849609375
2022-07-19,147.90087890625,250.63206481933594,103.97721862792969,152.2296142578125,76.6839370727539,128.8690643310547,159.5399932861328,97.23469543457031
2022-07-20,149.89901733398438,253.27810668945312,103.95907592773438,151.3607177734375,77.52660369873047,126.64136505126953,158.0399932861328,97.48990631103516
2022-07-21,152.16163635253906,255.760009765625,104.66702270507812,151.8927001953125,76.23218536376953,126.76111602783203,160.27000427246094,99.17413330078125
2022-07-22,150.92745971679688,251.43359375,104.15875244140625,152.61085510253906,75.650146484375,128.78720092773438,160.6699981689453,100.84133911132812
2022-07-25,149.8108673095703,249.95603942871094,104.5762710571289,152.91236877441406,78.16950225830078,129.66065979003906,160.22999572753906,99.8546142578125
2022-07-26,148.4886016845703,243.26364135742188,102.94254302978516,153.9940643310547,77.86542510986328,129.91281127929688,160.0399932861328,99.93116760253906
2022-07-27,153.5720977783203,259.5262145996094,104.59442138671875,153.56846618652344,79.55079650878906,131.14645385742188,161.6699981689453,99.36974334716797
2022-07-28,154.12057495117188,266.933349609375,104.20413970947266,154.4551544189453,80.4803466796875,133.3256072998047,163.63999938964844,100.16083526611328
2022-07-29,159.1746368408203,271.11480712890625,104.70333099365234,154.7388916015625,84.20726776123047,125.08621215820312,164.10000610351562,99.888671875
2022-08-01,158.1951904296875,268.4784851074219,103.65956115722656,154.197998046875,82.07884216308594,128.67910766601562,165.02999877929688,102.2943115234375
2022-08-02,156.72598266601562,265.3978271484375,102.04399108886719,153.32022094726562,81.72264099121094,127.82366943359375,164.0500030517578,100.12979888916016
2022-08-03,162.72036743164062,272.78558349609375,103.11500549316406,154.8009490966797,79.07298278808594,130.46209716796875,164.4499969482422,101.7063217163086
2022-08-04,162.40695190429688,273.92510986328125,101.98046875,152.31829833984375,75.7457046508789,130.2549591064453,167.1699981689453,101.67225646972656
2022-08-05,162.18133544921875,273.21044921875,105.0663833618164,151.71539306640625,76.84031677246094,130.31800842285156,165.2899932861328,99.25208282470703
2022-08-08,161.71054077148438,270.7093505859375,103.78662872314453,150.90850830078125,77.27467346191406,130.8132781982422,166.69000244140625,100.8541488647461
2022-08-09,161.7595672607422,272.62139892578125,104.72148132324219,150.89080810546875,78.69941711425781,130.50709533691406,167.1999969482422,100.462158203125
2022-08-10,165.996826171875,279.2461853027344,107.45343780517578,151.32525634765625,79.44654083251953,131.74075317382812,166.77999877929688,99.80599975585938
2022-08-11,165.26119995117188,277.17950439453125,109.04175567626953,148.19534301757812,81.7447738647461,130.8042755126953,166.33999633789062,97.47957611083984
2022-08-12,168.80198669433594,281.90191650390625,110.84793853759766,146.5639190673828,82.45528411865234,132.0739288330078,167.8699951171875,98.46809387207031
2022-08-15,169.87107849121094,283.4084167480469,111.14744567871094,147.26438903808594,80.98162078857422,133.77587890625,165.7100067138672,98.38285827636719
2022-08-16,169.7141571044922,282.6744384765625,112.20936584472656,148.57662963867188,80.22723388671875,135.00950622558594,165.4199981689453,98.79192352294922
2022-08-17,171.2050323486328,281.9292907714844,111.26543426513672,148.58547973632812,80.8763656616211,134.3882293701172,164.35000610351562,97.7607650756836
2022-08-18,170.8126983642578,280.81646728515625,110.40319061279297,147.86729431152344,82.78861999511719,134.86544799804688,163.9199981689453,97.90568542480469
2022-08-19,168.2331085205078,276.9259033203125,107.67124938964844,150.11941528320312,82.52544403076172,134.82943725585938,162.72000122070312,96.32914733886719
2022-08-22,164.35877990722656,268.7967529296875,105.89231872558594,149.59274291992188,82.46406555175781,134.46926879882812,161.63999938964844,96.00527954101562
2022-08-23,164.0253143310547,267.52886962890625,104.84854888916016,148.28953552246094,85.96402740478516,131.87583923339844,162.77000427246094,95.47698211669922
2022-08-24,164.31954956054688,266.8999938964844,105.10267639160156,147.7986297607422,86.4727783203125,131.30857849121094,163.25,94.7781753540039
2022-08-25,166.77163696289062,269.8612365722656,107.59864044189453,149.18215942382812,86.92013549804688,131.20046997070312,163.75,96.09904479980469
2022-08-26,160.48451232910156,259.4481201171875,104.07707977294922,146.62925720214844,85.84999084472656,128.1298370361328,161.75999450683594,96.82341766357422
2022-08-29,158.28744506835938,256.6802978515625,103.82292175292969,145.4956817626953,87.82365417480469,127.58953857421875,161.86000061035156,96.02237701416016
2022-08-30,155.86473083496094,254.4931640625,103.84109497070312,144.98687744140625,84.48157501220703,126.22978973388672,160.50999450683594,96.2609634399414
2022-08-31,154.20713806152344,253.04151916503906,103.2238998413086,144.01397705078125,83.8499984741211,124.21271514892578,159.27000427246094,95.34063720703125
2022-09-01,154.93295288085938,252.00601196289062,103.9318618774414,147.58438110351562,82.34126281738281,125.74356079101562,157.8699951171875,93.5951156616211
2022-09-02,152.8241729736328,247.805908203125,103.20575714111328,145.26358032226562,83.8499984741211,123.5103530883789,159.25999450683594,94.12455749511719
2022-09-06,151.56866455078125,245.0864715576172,103.23297882080078,145.65635681152344,83.28861236572266,122.13260650634766,158.3300018310547,91.79326629638672
2022-09-07,152.9713134765625,249.77049255371094,105.1934585571289,146.45079040527344,82.57809448242188,123.97859191894531,159.94000244140625,93.24501037597656
2022-09-08,151.50003051757812,250.1865997314453,107.6440200805664,147.62899780273438,83.25352478027344,124.14071655273438,158.97999572753906,92.28853607177734
2022-09-09,154.3542938232422,255.9351043701172,108.161376953125,147.91465759277344,84.64824676513672,126.03170776367188,159.82000732421875,92.49348449707031
2022-09-12,160.2981414794922,258.0545654296875,109.44111633300781,147.85218811035156,85.62193298339844,127.05828094482422,160.6300048828125,91.73348236083984
2022-09-13,150.8919219970703,243.8671417236328,105.63818359375,144.0050048828125,83.62194061279297,124.4288330078125,158.5399932861328,91.94694519042969
2022-09-14,152.33372497558594,244.08969116210938,105.39311981201172,146.97743225097656,85.67454528808594,124.72599792480469,157.92999267578125,92.26290893554688
2022-09-15,149.45005798339844,237.4701690673828,106.98146057128906,147.35232543945312,83.18335723876953,123.76248931884766,154.97999572753906,92.20314025878906
2022-09-16,147.8120880126953,236.85081481933594,106.26445770263672,149.60171508789062,81.76231384277344,124.51888275146484,155.83999633789062,91.43455505371094
2022-09-19,151.5196533203125,236.63790893554688,107.24467468261719,148.42343139648438,81.75353240966797,124.25775146484375,155.9600067138672,91.64805603027344
2022-09-20,153.8932647705078,234.63465881347656,105.12992858886719,147.2541046142578,81.08687591552734,123.8165283203125,155.07000732421875,90.73430633544922
2022-09-21,150.77420043945312,231.24745178222656,102.09846496582031,145.74560546875,79.77986907958984,122.22267150878906,155.7899932861328,92.25436401367188
2022-09-22,149.81301879882812,233.2119903564453,100.93670654296875,148.3341827392578,79.44654083251953,122.65489959716797,155.6999969482422,89.8974380493164
2022-09-23,147.5472412109375,230.2506561279297,99.05792236328125,148.8162078857422,75.2185287475586,122.08760070800781,153.00999450683594,90.26463317871094
2022-09-26,147.88075256347656,229.79580688476562,96.92501068115234,147.9056854248047,73.66590118408203,122.20467376708984,151.22999572753906,88.53961181640625
2022-09-27,148.85177612304688,228.78933715820312,96.07183837890625,147.2273406982422,75.20974731445312,118.8458480834961,151.5399932861328,86.20829010009766
2022-09-28,146.9685516357422,233.2991485595703,98.01414489746094,148.49485778808594,77.94656372070312,118.8458480834961,154.69000244140625,89.09471893310547
2022-09-29,139.7495880126953,229.84417724609375,96.35321044921875,146.86138916015625,77.78866577148438,115.89227294921875,154.66000366210938,88.6335678100586
2022-09-30,135.5516357421875,225.39248657226562,94.8465576171875,145.8170166015625,76.58692169189453,113.68608093261719,154.6699981689453,87.48920440673828
2022-10-03,139.72019958496094,232.97976684570312,97.77819061279297,145.6741943359375,80.6307373046875,115.7211685180664,158.42999267578125,88.87937927246094
2022-10-04,143.30023193359375,240.8573760986328,102.35257720947266,147.8343048095703,83.56929779052734,117.15294647216797,160.6999969482422,88.63113403320312
2022-10-05,143.59446716308594,241.1670379638672,101.0888671875,147.37911987304688,86.94647216796875,116.3425064086914,159.80999755859375,87.78369140625
2022-10-06,142.64308166503906,238.83473205566406,99.02845001220703,144.52273559570312,89.525390625,113.89319610595703,159.6300048828125,87.29579162597656
2022-10-07,137.40541076660156,226.68930053710938,97.05044555664062,142.99636840820312,88.62187957763672,111.90311431884766,157.8800048828125,86.44832611083984
2022-10-10,137.72909545898438,221.86012268066406,96.14385223388672,143.18382263183594,86.70085144042969,111.44387817382812,155.47999572753906,85.1043930053711
2022-10-11,136.31666564941406,218.14390563964844,93.369140625,145.25466918945312,85.96402740478516,111.86709594726562,155.16000366210938,85.48103332519531
2022-10-12,135.68893432617188,218.47300720214844,94.880126953125,145.2189483642578,86.34120178222656,112.04719543457031,155.99000549316406,85.90045928955078
2022-10-13,140.2498321533203,226.68930053710938,100.1548080444336,147.414794921875,89.35871887207031,113.7400894165039,154.91000366210938,85.07869720458984
2022-10-14,135.72816467285156,221.19239807128906,101.82146453857422,146.7989044189453,87.00788116455078,112.63250732421875,152.97999572753906,84.37676239013672
2022-10-17,139.68092346191406,229.8732452392578,106.09798431396484,148.7001495361328,88.26223754882812,114.66759490966797,153.4199981689453,83.96589660644531
2022-10-18,140.99526977539062,230.8119354248047,108.82687377929688,148.1824493408203,88.42015075683594,115.59508514404297,153.75,84.16278076171875
2022-10-19,141.10316467285156,228.85707092285156,106.69322967529297,147.00418090820312,91.04292297363281,116.66667938232422,151.69000244140625,82.6304931640625
2022-10-20,140.6421661376953,228.5377197265625,106.34523010253906,147.37911987304688,91.16572570800781,115.16397857666016,151.4499969482422,81.21807861328125
2022-10-21,144.4478302001953,234.3152618408203,111.93125915527344,150.59246826171875,92.85868835449219,116.60592651367188,154.14999389648438,79.75431823730469
2022-10-24,146.58602905273438,239.27987670898438,112.06861877441406,152.6187286376953,93.5077896118164,117.32234954833984,153.64999389648438,79.09518432617188
2022-10-25,149.42068481445312,242.5800018310547,112.36164855957031,152.37771606445312,92.87622833251953,118.67359924316406,154.0,81.39786529541016
2022-10-26,146.48794555664062,223.86346435546875,113.65287017822266,153.7166290283203,93.9814682006836,119.50791931152344,154.97999572753906,82.57060241699219
2022-10-27,142.02517700195312,219.44070434570312,114.10157775878906,153.80589294433594,94.34112548828125,119.59861755371094,154.74000549316406,83.4351577758789
2022-10-28,152.7554931640625,228.26673889160156,115.45687866210938,156.09095764160156,97.104248046875,122.62757110595703,153.16000366210938,82.86164093017578
2022-10-31,150.4014892578125,224.64732360839844,115.27371215820312,155.28761291503906,97.20074462890625,122.12879180908203,151.91000366210938,82.27098846435547
2022-11-01,147.7630157470703,220.81495666503906,117.35245513916016,154.50213623046875,98.16564178466797,122.31922912597656,153.4600067138672,83.03986358642578
2022-11-02,142.25074768066406,213.0050811767578,116.27188110351562,152.1277618408203,96.14810943603516,120.55989074707031,152.38999938964844,82.67948150634766
2022-11-03,136.21861267089844,207.3436279296875,116.48250579833984,152.3866424560547,97.45513153076172,119.7346420288086,151.80999755859375,82.23326110839844
2022-11-04,135.9533233642578,214.25347900390625,119.66927337646484,153.0650177001953,98.51651000976562,121.92017364501953,156.47000122070312,80.85165405273438
2022-11-07,136.48387145996094,220.5246124267578,120.30116271972656,154.40396118164062,99.68318939208984,123.78836059570312,155.85000610351562,80.04502868652344
2022-11-08,137.05369567871094,221.49240112304688,120.3744125366211,155.17160034179688,99.99895477294922,124.06948852539062,159.4499969482422,80.9203109741211
2022-11-09,132.5048828125,217.27291870117188,118.80851745605469,153.9308319091797,95.52532958984375,123.7702407836914,158.64999389648438,81.18634033203125
2022-11-10,144.29444885253906,235.14755249023438,123.69857025146484,155.7339630126953,96.92882537841797,128.03253173828125,163.47999572753906,84.30987548828125
2022-11-11,147.0748291015625,239.14439392089844,123.90003204345703,151.0745086669922,99.95509338378906,127.84207153320312,164.55999755859375,84.00096130371094
2022-11-14,145.67974853515625,233.76364135742188,122.62713623046875,153.44883728027344,100.24690246582031,127.85114288330078,164.9199981689453,83.79500579833984
2022-11-15,147.4088592529297,234.17010498046875,121.73885345458984,153.87730407714844,100.91893005371094,127.40679931640625,165.5,85.15084075927734
2022-11-16,146.18080139160156,234.5970916748047,121.90370178222656,154.83241271972656,99.84014129638672,128.54039001464844,165.1199951171875,87.0129165649414
2022-11-17,148.07693481445312,234.548583984375,121.37255096435547,156.08206176757812,99.97277069091797,127.75139617919922,163.9199981689453,86.09477233886719
2022-11-18,148.63693237304688,234.1021728515625,122.56304931640625,157.27813720703125,99.10623168945312,129.2930908203125,162.7899932861328,85.50264739990234
2022-11-21,145.41444396972656,234.90769958496094,121.83961486816406,158.086669921875,98.12469482421875,130.93450927734375,161.8800048828125,85.86307525634766
2022-11-22,147.5464324951172,237.7997589111328,123.66191864013672,158.85032653808594,100.96314239501953,132.05906677246094,162.07000732421875,87.08158874511719
2022-11-23,148.4207763671875,240.27450561523438,124.9806137084961,159.02098083496094,100.45911407470703,132.81175231933594,163.0800018310547,88.60047912597656
2022-11-25,145.51268005371094,240.1871337890625,125.2187271118164,159.22764587402344,100.10542297363281,133.05662536621094,163.22000122070312,88.30010986328125
2022-11-28,141.69088745117188,234.62625122070312,123.03008270263672,159.3084716796875,97.09899139404297,132.9478302001953,161.92999267578125,88.5489730834961
2022-11-29,138.69439697265625,233.2384490966797,125.05384063720703,158.1945037841797,97.74447631835938,131.93209838867188,162.72999572753906,87.51067352294922
2022-11-30,145.43411254882812,247.61141967773438,126.53734588623047,159.91036987304688,98.45188903808594,135.2694091796875,164.80999755859375,88.15422821044922
2022-12-01,145.70921325683594,247.17469787597656,124.76081085205078,160.57518005371094,97.9743881225586,135.35098266601562,167.83999633789062,90.97042083740234
2022-12-02,145.2179412841797,247.4949493408203,123.77182006835938,160.70094299316406,97.1432113647461,136.58436584472656,167.25999450683594,92.11441040039062
2022-12-05,144.0586700439453,242.81719970703125,120.30116271972656,160.61111450195312,94.48162078857422,135.20590209960938,164.38999938964844,90.82415771484375
2022-12-06,140.4038848876953,237.88705444335938,120.50263977050781,158.20347595214844,91.85540771484375,135.37820434570312,164.83999633789062,91.99398040771484
2022-12-07,138.46844482421875,237.1591796875,120.42020416259766,159.1647491455078,91.65203857421875,136.2488250732422,166.3300018310547,94.16156005859375
2022-12-08,140.1484832763672,240.0998077392578,121.6839370727539,159.19168090820312,92.33291625976562,137.22825622558594,166.47000122070312,93.90353393554688
2022-12-09,139.6670379638672,238.1782684326172,121.02460479736328,157.8800506591797,91.55477142333984,136.865478515625,167.05999755859375,91.46068572998047
2022-12-12,141.9561767578125,245.0590057373047,122.9018783569336,159.76661682128906,93.80960083007812,138.27113342285156,165.67999267578125,91.75314331054688
2022-12-13,142.91900634765625,249.33892822265625,122.78282928466797,160.99742126464844,94.83531188964844,138.06259155273438,168.50999450683594,92.63912200927734
2022-12-14,140.69862365722656,249.63003540039062,122.16927337646484,161.49151611328125,94.13675689697266,138.60670471191406,168.10000610351562,93.03479766845703
2022-12-15,134.1062774658203,241.6622772216797,119.13817596435547,159.4522247314453,93.2348403930664,137.03781127929688,165.35000610351562,93.3978042602539
2022-12-16,132.15122985839844,237.46978759765625,118.39639282226562,157.81715393066406,92.58048248291016,136.43016052246094,166.7899932861328,92.35445404052734
2022-12-19,130.0487060546875,233.35487365722656,119.10154724121094,157.64646911621094,92.99609375,136.39390563964844,166.32000732421875,90.8024673461914
2022-12-20,129.97996520996094,234.66505432128906,119.67845153808594,157.81715393066406,94.34014129638672,136.4483184814453,169.0800018310547,89.19007110595703
2022-12-21,133.07470703125,237.2174072265625,121.02460479736328,159.6228790283203,95.55155181884766,137.69981384277344,168.8000030517578,89.41421508789062
2022-12-22,129.91116333007812,231.1615753173828,119.65096282958984,159.0389862060547,93.6239013671875,138.0172119140625,166.75999450683594,89.39698791503906
2022-12-23,129.54766845703125,231.6856231689453,120.21874237060547,159.44325256347656,96.09979248046875,138.4071807861328,167.25999450683594,88.08638000488281
2022-12-27,127.7497787475586,229.9678955078125,120.63998413085938,159.3982696533203,97.43500518798828,139.6133270263672,168.6699981689453,86.34467315673828
2022-12-28,123.82971954345703,227.6095733642578,121.29931640625,158.70657348632812,95.83450317382812,137.80865478515625,167.91000366210938,85.8359603881836
2022-12-29,127.33711242675781,233.89837646484375,121.99528503417969,159.5150909423828,96.5595932006836,138.37997436523438,168.85000610351562,86.81028747558594
2022-12-30,127.65149688720703,232.74349975585938,122.80113983154297,158.6975555419922,97.53226470947266,137.4458770751953,169.63999938964844,85.84454345703125
2023-01-03,122.8767318725586,232.5105438232422,123.73517608642578,160.08108520507812,94.18096923828125,137.45498657226562,171.05999755859375,87.48281860351562
2023-01-04,124.14411163330078,222.3397979736328,124.8890380859375,161.8239288330078,94.45509338378906,138.0535125732422,172.6699981689453,88.68132781982422
2023-01-05,122.82762908935547,215.75015258789062,124.86136627197266,160.62908935546875,96.56844329833984,136.33950805664062,170.52000427246094,89.05208587646484
2023-01-06,127.34693908691406,218.2928466796875,127.25064849853516,161.93173217773438,97.73564910888672,139.5861053466797,173.7100067138672,90.69035339355469
2023-01-09,127.86763763427734,220.41822814941406,126.72480773925781,157.736328125,95.91410064697266,137.8811492919922,174.10000610351562,91.17321014404297
2023-01-10,128.43751525878906,222.09718322753906,127.85951232910156,157.35903930664062,97.3465805053711,137.74517822265625,174.74000549316406,89.66426849365234
2023-01-11,131.14906311035156,228.81295776367188,128.8096923828125,157.10745239257812,98.47840881347656,136.6297149658203,174.6199951171875,91.1214599609375
2023-01-12,131.07049560546875,231.47210693359375,128.68052673339844,156.31689453125,100.1142807006836,135.85885620117188,176.63999938964844,92.91493225097656
2023-01-13,132.39682006835938,232.1708984375,131.9277801513672,155.8048095703125,100.0523681640625,136.82920837402344,178.75999450683594,92.04408264160156
2023-01-17,133.55612182617188,233.2578582763672,129.88900756835938,154.8435821533203,99.85784149169922,136.43016052246094,177.58999633789062,91.44911193847656
2023-01-18,132.83897399902344,228.851806640625,125.98681640625,152.50779724121094,97.80638122558594,132.77549743652344,177.0800018310547,93.6650619506836
2023-01-19,132.8978729248047,225.08628845214844,124.30785369873047,152.30116271972656,98.43418884277344,129.967529296875,179.88999938964844,93.07874298095703
2023-01-20,135.4522705078125,233.1316375732422,124.6122817993164,151.59144592285156,100.22920989990234,130.46942138671875,179.2899932861328,91.56980895996094
2023-01-23,138.63546752929688,235.42205810546875,126.632568359375,151.20516967773438,99.70751190185547,128.7173309326172,179.6300048828125,91.13871765136719
2023-01-24,140.0305633544922,234.89794921875,127.72108459472656,151.20516967773438,100.63597106933594,129.4199676513672,180.27999877929688,92.44933319091797
2023-01-25,139.37228393554688,233.51016235351562,128.33920288085938,152.283203125,100.10542297363281,129.32872009277344,181.11000061035156,92.67352294921875
2023-01-26,141.43551635742188,240.68211364746094,129.13255310058594,151.72621154785156,104.12873840332031,128.80856323242188,179.47000122070312,92.24235534667969
2023-01-27,143.3709259033203,240.83738708496094,129.44619750976562,151.13328552246094,102.22762298583984,128.279296875,179.22000122070312,92.00959014892578
2023-01-30,140.4923095703125,235.5481719970703,128.3484344482422,145.5364227294922,100.41492462158203,128.6807861328125,178.75999450683594,91.67330169677734
2023-01-31,141.75967407226562,240.49771118164062,129.1141357421875,146.81210327148438,102.58131408691406,129.9310302734375,179.41000366210938,92.40621185302734
2023-02-01,142.8796844482422,245.29193115234375,128.7727813720703,148.15965270996094,101.45831298828125,130.67019653320312,181.6699981689453,93.51703643798828
2023-02-02,148.17518615722656,256.7922668457031,128.17315673828125,148.71665954589844,98.28388977050781,129.7393798828125,177.89999389648438,93.63806915283203
2023-02-03,151.79067993164062,250.7266845703125,130.15655517578125,147.8811492919922,98.9647445678711,130.1409149169922,173.4600067138672,92.23764038085938
2023-02-06,149.0692138671875,249.19332885742188,130.92222595214844,146.75820922851562,98.7967529296875,129.0366973876953,173.82000732421875,91.55471801757812
2023-02-07,151.93801879882812,259.6649169921875,132.51815795898438,146.7941131591797,101.61748504638672,127.77737426757812,173.97999572753906,90.81993865966797
2023-02-08,149.2559051513672,258.8594665527344,131.58639526367188,146.9827880859375,100.7332534790039,126.45414733886719,174.41000366210938,91.25213623046875
2023-02-09,148.2242889404297,255.84117126464844,129.53846740722656,144.9973602294922,101.11345672607422,125.06702423095703,173.02999877929688,90.38770294189453
2023-02-10,148.58837890625,255.33657836914062,130.11041259765625,145.67115783691406,105.37553405761719,126.17125701904297,173.36000061035156,89.37628173828125
2023-02-13,151.38284301757812,263.3140563964844,131.52186584472656,146.210205078125,104.96563720703125,127.8230209350586,172.47999572753906,90.12835693359375
2023-02-14,150.74325561523438,264.138916015625,132.10305786132812,145.57229614257812,103.73599243164062,127.1020736694336,172.61000061035156,89.92089080810547
2023-02-15,152.839111328125,262.0276794433594,132.6565399169922,143.17367553710938,103.42412567138672,126.81006622314453,170.88999938964844,89.08238983154297
2023-02-16,151.24510192871094,255.05177307128906,130.8299560546875,142.15853881835938,103.12117004394531,125.14920043945312,170.75,87.82025146484375
2023-02-17,150.10369873046875,251.07257080078125,131.21742248535156,145.12637329101562,99.15599060058594,127.76825714111328,171.25999450683594,88.50318145751953
2023-02-21,146.09893798828125,245.8284912109375,128.8096923828125,142.9638214111328,99.05797576904297,127.6769790649414,170.6199951171875,86.78291320800781
2023-02-22,146.5220489501953,244.69989013671875,127.82258605957031,142.76475524902344,97.7748794555664,128.2153778076172,169.66000366210938,87.57820892333984
2023-02-23,147.00418090820312,247.87161254882812,128.84658813476562,142.71951293945312,98.67481994628906,127.80477142333984,169.57000732421875,88.43404388427734
2023-02-24,144.3573455810547,242.47190856933594,130.00892639160156,141.1269989013672,98.68373107910156,127.08380126953125,168.35000610351562,87.28427124023438
2023-02-27,145.54791259765625,243.38644409179688,131.1436309814453,140.8193817138672,98.50553131103516,126.97430419921875,169.00999450683594,87.5263442993164
2023-02-28,145.04611206054688,242.66650390625,132.24139404296875,138.6749267578125,97.93524169921875,125.53245544433594,169.77999877929688,87.92399597167969
2023-03-01,142.97979736328125,239.60179138183594,131.50340270996094,138.0505828857422,98.8084945678711,125.62370300292969,170.75999450683594,86.97945404052734
2023-03-02,143.57017517089844,244.31072998046875,130.13807678222656,137.94200134277344,99.26293182373047,127.69522857666016,170.66000366210938,86.20816802978516
2023-03-03,148.60804748535156,248.37753295898438,132.5273895263672,139.3626251220703,100.5193099975586,128.62603759765625,172.49000549316406,88.296630859375
2023-03-06,151.36314392089844,249.91473388671875,131.75245666503906,140.7560577392578,101.41035461425781,128.07850646972656,171.6199951171875,87.61204528808594
2023-03-07,149.16891479492188,247.26841735839844,127.87794494628906,139.4259490966797,99.45003509521484,125.53245544433594,168.6199951171875,88.1493148803711
2023-03-08,150.41854858398438,246.8306121826172,127.12151336669922,138.4034881591797,97.99764251708984,125.55070495605469,168.5399932861328,88.2359619140625
2023-03-09,148.1750946044922,245.4879608154297,120.23958587646484,136.84713745117188,97.24024963378906,124.62904357910156,170.1999969482422,88.4526138305664
2023-03-10,146.1186065673828,241.8589630126953,123.2930908203125,137.1819610595703,96.03732299804688,125.19479370117188,173.8699951171875,91.50299835205078
2023-03-13,148.05706787109375,247.04464721679688,121.0790786743164,138.4939422607422,94.93241119384766,126.06175994873047,177.86000061035156,91.71099090576172
2023-03-14,150.14303588867188,253.72862243652344,124.18791198730469,139.27212524414062,95.28883361816406,127.62223815917969,176.8300018310547,90.20313262939453
2023-03-15,150.53663635253906,258.252685546875,118.3207778930664,139.6612091064453,90.54847717285156,129.4291229248047,178.2100067138672,91.9449462890625
2023-03-16,153.3507537841797,268.721435546875,120.61781311035156,139.37164306640625,90.02274322509766,130.3964080810547,178.57000732421875,91.2257080078125
2023-03-17,152.514404296875,271.8638916015625,116.06063079833984,137.878662109375,88.96240234375,130.4329376220703,183.77000427246094,92.59491729736328
2023-03-20,154.87588500976562,264.85882568359375,117.28755950927734,139.24497985839844,91.28802490234375,132.4405975341797,183.83999633789062,91.78030395507812
2023-03-21,156.72576904296875,266.3669128417969,120.4333267211914,139.24497985839844,95.37793731689453,131.4823760986328,180.3699951171875,90.99171447753906
2023-03-22,155.2989959716797,264.917236328125,117.32447052001953,136.67523193359375,93.19486999511719,131.40025329589844,183.44000244140625,92.20492553710938
2023-03-23,156.38136291503906,270.1418762207031,117.01081085205078,136.74765014648438,92.14344787597656,131.2177276611328,185.74000549316406,92.20492553710938
2023-03-24,157.68020629882812,272.9730224609375,115.23037719726562,138.1229705810547,92.2503662109375,133.8915557861328,183.64999389648438,92.59491729736328
2023-03-27,155.74179077148438,268.8964538574219,118.53297424316406,138.71112060546875,94.2730484008789,133.18885803222656,181.9499969482422,90.41975402832031
2023-03-28,155.1218719482422,267.77764892578125,118.89273834228516,137.37196350097656,95.44922637939453,133.5630340576172,183.44000244140625,90.58439636230469
2023-03-29,158.19187927246094,272.9146728515625,119.132568359375,138.7201690673828,97.08876037597656,133.97369384765625,182.52999877929688,90.40243530273438
2023-03-30,159.75636291503906,276.35882568359375,118.77279663085938,138.82875061035156,97.5610122680664,134.55770874023438,184.17999267578125,90.81839752197266
2023-03-31,162.25564575195312,280.4938049316406,120.2119140625,140.2493438720703,97.71248626708984,135.68930053710938,183.22000122070312,92.17896270751953
2023-04-03,163.50523376464844,279.45269775390625,120.07355499267578,141.92327880859375,103.47759246826172,136.43760681152344,184.5399932861328,92.61249542236328
2023-04-04,162.9739227294922,279.404052734375,118.46837615966797,143.4072265625,102.48851013183594,137.0946502685547,187.97999572753906,93.07293701171875
2023-04-05,161.1338653564453,276.6409912109375,118.64501953125,149.84963989257812,104.24388885498047,138.03460693359375,187.8300018310547,94.04595947265625
2023-04-06,162.0194854736328,283.704345703125,118.51485443115234,149.43338012695312,102.51525115966797,138.91065979003906,186.49000549316406,94.28922271728516
2023-04-10,159.43165588378906,281.5542297363281,118.90534973144531,148.682373046875,102.06082916259766,137.76083374023438,185.11000061035156,92.76884460449219
2023-04-11,158.2213592529297,275.1718444824219,119.49109649658203,148.63717651367188,102.7825698852539,137.48707580566406,186.27999877929688,92.95999908447266
2023-04-12,157.53260803222656,275.81396484375,119.47249603271484,148.32046508789062,102.67565155029297,137.86122131347656,187.19000244140625,92.8644027709961
2023-04-13,162.90504455566406,281.99200439453125,119.92806243896484,150.3020477294922,103.15680694580078,138.49998474121094,189.72000122070312,92.1346206665039
2023-04-14,162.56068420410156,278.3922424316406,128.9838104248047,150.05775451660156,103.40631866455078,137.79733276367188,186.36000061035156,91.29192352294922
2023-04-17,162.580322265625,280.980224609375,130.0065460205078,149.90391540527344,102.2033920288086,137.84298706054688,185.52999877929688,90.20592498779297
2023-04-18,163.8004608154297,280.56182861328125,131.46624755859375,145.68739318847656,104.19933319091797,137.9889373779297,186.25,90.52738189697266
2023-04-19,164.94183349609375,280.6396484375,131.2989044189453,147.062744140625,103.86964416503906,138.01634216308594,185.36000061035156,90.44050598144531
2023-04-20,163.97755432128906,278.3630065917969,130.9176788330078,148.0128173828125,103.04097747802734,138.52230834960938,186.08999633789062,91.2137222290039
2023-04-21,162.37368774414062,278.0225524902344,130.66665649414062,147.20748901367188,103.37065124511719,143.3157196044922,184.25,90.70114135742188
2023-04-24,162.67874145507812,274.14056396484375,130.84332275390625,148.103271484375,105.32205963134766,143.5728759765625,184.80999755859375,91.57859802246094
2023-04-25,161.14376831054688,267.9624938964844,127.99827575683594,149.46055603027344,103.8250961303711,143.6095733642578,185.75,92.92523193359375
2023-04-26,161.1338653564453,287.372314453125,125.72969818115234,147.14414978027344,102.87167358398438,141.947509765625,184.74000549316406,91.934814453125
2023-04-27,165.70936584472656,296.5761413574219,127.42183685302734,147.48800659179688,104.10132598876953,143.6830596923828,184.75,91.02259826660156
2023-04-28,166.95895385742188,298.94036865234375,128.5282440185547,148.12136840820312,105.44679260253906,143.6004180908203,184.8000030517578,92.49082946777344
2023-05-01,166.87042236328125,297.2864074707031,131.28030395507812,148.03089904785156,102.17665100097656,143.7748565673828,183.97000122070312,89.82389068603516
2023-05-02,165.83724975585938,297.14044189453125,129.16049194335938,149.32481384277344,98.10456085205078,143.6463165283203,187.52000427246094,92.06231689453125
2023-05-03,164.76475524902344,296.15777587890625,126.42700958251953,147.370361328125,96.17098999023438,143.462646484375,189.11000061035156,92.57618713378906
2023-05-04,163.13134765625,297.14044189453125,124.69767761230469,146.7008056640625,94.48689270019531,142.8014678955078,190.44000244140625,91.66168212890625
2023-05-05,170.78660583496094,302.23858642578125,127.13365936279297,147.19845581054688,96.83926391601562,143.2790069580078,187.4600067138672,91.35682678222656
2023-05-08,170.7177276611328,300.2926940917969,127.44044494628906,146.8637237548828,97.22242736816406,142.60867309570312,187.69000244140625,90.07647705078125
2023-05-09,169.0154571533203,298.6874084472656,126.8268051147461,145.7235870361328,97.2491455078125,141.14859008789062,189.02000427246094,89.75424194335938
2023-05-10,170.77676391601562,303.8536682128906,126.89188385009766,146.26644897460938,96.00167846679688,141.44244384765625,188.75,90.62520599365234
2023-05-11,170.9636993408203,301.7132568359375,126.49211120605469,145.66929626464844,94.26412963867188,141.77301025390625,187.1300048828125,91.58329010009766
2023-05-12,170.03749084472656,300.6040344238281,124.67909240722656,145.47927856445312,94.25521850585938,143.21473693847656,186.80999755859375,90.81681060791016
2023-05-15,169.54486083984375,301.080810546875,125.72969818115234,144.36631774902344,94.43497467041016,143.26063537597656,187.2100067138672,89.87616729736328
2023-05-16,169.54486083984375,303.299072265625,124.88362884521484,144.17630004882812,92.14308166503906,143.01271057128906,184.8699951171875,89.60618591308594
2023-05-17,170.15576171875,306.165771484375,128.72344970703125,143.85963439941406,94.21028137207031,142.40664672851562,184.22999572753906,89.34487915039062
2023-05-18,172.48110961914062,310.5728759765625,129.69973754882812,143.39817810058594,95.06412506103516,140.06503295898438,181.83999633789062,88.68292999267578
2023-05-19,172.5895233154297,310.3973693847656,129.40219116210938,143.78721618652344,95.50453186035156,140.65269470214844,183.63999938964844,88.05583190917969
2023-05-22,171.6435546875,313.1665954589844,128.3330078125,143.01231384277344,94.3450927734375,136.97044372558594,183.2100067138672,87.7422866821289
2023-05-23,169.04234313964844,307.394287109375,126.994140625,142.95762634277344,95.63035583496094,135.4919891357422,183.42999267578125,87.99486541748047
2023-05-24,169.31820678710938,306.0194396972656,125.83195495605469,142.8208770751953,96.69989013671875,134.3717041015625,181.9499969482422,87.55936431884766
2023-05-25,170.45135498046875,317.7882995605469,126.1387710571289,140.76966857910156,94.96527099609375,133.50851440429688,180.1999969482422,87.34160614013672
2023-05-26,172.8555145263672,324.5844421386719,127.31957244873047,140.71493530273438,94.3450927734375,133.51768493652344,180.9199981689453,88.04712677001953
2023-05-30,174.6981201171875,322.9463195800781,127.80303192138672,140.73313903808594,93.50922393798828,131.47914123535156,182.0399932861328,88.92678833007812
2023-05-31,174.6488494873047,320.1966552734375,126.17598724365234,141.36221313476562,91.83749389648438,130.85467529296875,182.32000732421875,89.70194244384766
2023-06-01,177.4471435546875,324.2821350097656,127.91461181640625,140.8881378173828,92.89806365966797,132.19541931152344,183.75999450683594,90.05388641357422
2023-06-02,178.2945098876953,327.0317687988281,130.60159301757812,143.10348510742188,95.05513000488281,134.54617309570312,181.0500030517578,89.06707763671875
2023-06-05,176.94464111328125,327.558349609375,129.31851196289062,144.33421325683594,94.6327133178711,134.0135955810547,182.13999938964844,88.90116882324219
2023-06-06,176.58004760742188,325.3546447753906,129.5509796142578,144.2065887451172,95.4056625366211,132.6820526123047,182.33999633789062,89.42511749267578
2023-06-07,175.2104949951172,315.3116455078125,130.80613708496094,144.51654052734375,97.54476165771484,132.9667205810547,180.14999389648438,88.09771728515625
2023-06-08,177.9201202392578,317.1448059082031,130.84332275390625,146.1028594970703,97.23918151855469,134.47271728515625,182.52999877929688,89.12823486328125
2023-06-09,178.3043975830078,318.63653564453125,131.1036376953125,145.8749237060547,96.5201644897461,134.58291625976562,182.0399932861328,89.00593566894531
2023-06-12,181.09283447265625,323.5704040527344,131.09434509277344,145.774658203125,95.64832305908203,133.5269012451172,181.8800048828125,89.2679443359375
2023-06-13,180.619873046875,325.9494323730469,132.04270935058594,146.54046630859375,95.66631317138672,133.20547485351562,180.5399932861328,88.38591766357422
2023-06-14,181.25050354003906,328.9233703613281,131.5499267578125,147.2880096435547,94.51588439941406,134.454345703125,180.63999938964844,89.09326934814453
2023-06-15,183.2802734375,339.41485595703125,133.03753662109375,149.2663116455078,95.1719741821289,136.31845092773438,181.91000366210938,89.94910430908203
2023-06-16,182.2062530517578,333.7888488769531,133.19558715820312,149.72216796875,94.48889923095703,137.31936645507812,181.6300048828125,89.59978485107422
2023-06-20,182.29493713378906,329.6156921386719,132.516845703125,149.6309814453125,92.32284545898438,136.05215454101562,179.75,90.21981048583984
2023-06-21,181.26036071777344,325.2376708984375,132.32162475585938,149.40306091308594,93.35643005371094,137.22755432128906,179.49000549316406,90.43815612792969
2023-06-22,184.25575256347656,331.2342224121094,129.7741241455078,150.98936462402344,92.84413146972656,137.6958465576172,177.7100067138672,89.3465347290039
2023-06-23,183.94041442871094,326.6612548828125,129.0953826904297,150.8617401123047,92.03524017333984,136.32763671875,178.1999969482422,90.23729705810547
2023-06-26,182.55113220214844,320.40142822265625,129.4114990234375,149.17514038085938,93.73393249511719,136.46534729003906,178.50999450683594,90.33338165283203
2023-06-27,185.30018615722656,326.2224426269531,129.42079162597656,148.8651885986328,93.96762084960938,137.76016235351562,177.69000244140625,90.09757232666016
2023-06-28,186.4727020263672,327.4705810546875,128.85366821289062,148.56434631347656,94.73157501220703,137.73263549804688,177.27999877929688,90.48181915283203
2023-06-29,186.80770874023438,326.69049072265625,133.35362243652344,149.6036376953125,95.9000015258789,137.1724853515625,177.08999633789062,88.8487548828125
2023-06-30,191.12344360351562,332.0435791015625,135.222412109375,150.89817810058594,96.39431762695312,139.33961486816406,178.27000427246094,89.89672088623047
2023-07-03,189.6356658935547,329.55706787109375,136.3102264404297,148.9198760986328,96.58306884765625,140.0374755859375,178.47000122070312,89.38706970214844
2023-07-05,188.52218627929688,329.71319580078125,135.40220642089844,148.4275665283203,96.08875274658203,139.79873657226562,177.83999633789062,88.5376968383789
2023-07-06,188.99514770507812,332.75531005859375,134.06350708007812,147.32449340820312,92.50259399414062,139.5691375732422,177.30999755859375,87.28550720214844
2023-07-07,187.88174438476562,328.806396484375,135.121337890625,145.1820526123047,92.71830749511719,136.6398468017578,178.63999938964844,86.76012420654297
2023-07-10,185.8421173095703,323.55078125,135.8795928955078,145.4190673828125,94.09345245361328,136.69493103027344,178.77999877929688,86.87393188476562
2023-07-11,185.3199005126953,324.1748962402344,138.004638671875,144.6168212890625,95.24388122558594,135.9786834716797,179.4499969482422,87.32054138183594
2023-07-12,186.9850616455078,328.786865234375,138.68800354003906,144.11541748046875,95.71124267578125,136.6857452392578,181.8800048828125,88.29251861572266
2023-07-13,187.7437744140625,334.110595703125,139.36199951171875,144.7809600830078,93.9586410522461,136.777587890625,182.00999450683594,89.22071075439453
2023-07-14,187.8916015625,336.6262512207031,140.2045440673828,145.747314453125,90.72301483154297,137.7877197265625,181.42999267578125,88.6953125
2023-07-17,191.1431884765625,337.10406494140625,143.58395385742188,145.01797485351562,91.11847686767578,136.81434631347656,181.55999755859375,88.73907470703125
2023-07-18,190.886962890625,350.5207214355469,143.8460693359375,145.0088348388672,90.70502471923828,137.0714569091797,183.63999938964844,89.14191436767578
2023-07-19,192.2368927001953,346.22076416015625,144.3983917236328,144.71713256835938,91.33419036865234,138.00808715820312,183.6699981689453,90.14889526367188
2023-07-20,190.29579162597656,338.215576171875,146.17703247070312,153.50552368164062,92.94300842285156,139.12713623046875,182.74000549316406,89.05431365966797
2023-07-21,189.1232452392578,335.1929016113281,145.05368041992188,155.15567016601562,93.37442779541016,141.31715393066406,182.17999267578125,89.08062744140625
2023-07-24,189.92137145996094,336.4994812011719,147.9088897705078,155.96701049804688,94.83942413330078,141.7699432373047,181.39999389648438,88.75659942626953
2023-07-25,190.7786102294922,342.2231140136719,146.8042755126953,157.16128540039062,94.98323059082031,142.1025848388672,182.41000366210938,88.59024047851562
2023-07-26,191.6456756591797,329.3426208496094,147.68421936035156,157.46214294433594,94.45295715332031,142.25045776367188,183.3000030517578,88.67780303955078
2023-07-27,190.38446044921875,322.468505859375,146.0553436279297,158.34646606445312,94.74954986572266,140.55943298339844,180.4199981689453,86.9527587890625
2023-07-28,192.95616149902344,329.9276428222656,146.8885040283203,159.0666961669922,93.6170883178711,144.5329132080078,181.86000061035156,87.39935302734375
2023-07-31,193.56703186035156,327.538818359375,147.87144470214844,152.7306671142578,96.38533020019531,144.43125915527344,182.35000610351562,87.60948944091797
2023-08-01,192.73939514160156,327.94830322265625,147.14126586914062,153.97047424316406,95.8281021118164,144.38502502441406,180.4600067138672,86.1738510131836
2023-08-02,189.7538299560547,319.3288879394531,145.4749298095703,154.90042114257812,94.6327133178711,144.69921875,179.60000610351562,85.25189971923828
2023-08-03,188.36453247070312,318.5098571777344,146.36428833007812,155.56590270996094,96.27748107910156,145.078125,179.5399932861328,83.28501892089844
2023-08-04,179.3192596435547,319.60186767578125,146.0553436279297,154.1072540283203,96.54710388183594,143.48870849609375,180.19000244140625,84.76012420654297
2023-08-07,176.22537231445312,321.8737487792969,146.7480926513672,157.80859375,96.3493881225586,145.00418090820312,179.77999877929688,83.92599487304688
2023-08-08,177.16139221191406,317.9150085449219,145.92428588867188,157.88150024414062,96.82574462890625,145.16127014160156,178.63999938964844,84.90065002441406
2023-08-09,175.57504272460938,314.1903381347656,143.9677734375,157.78123474121094,98.47049713134766,144.97647094726562,177.7899932861328,85.33968353271484
2023-08-10,175.3582763671875,314.8728942871094,143.75245666503906,156.9607391357422,98.97382354736328,144.25570678710938,177.60000610351562,83.93476104736328
2023-08-11,175.41744995117188,313.0008239746094,144.5856170654297,158.49232482910156,100.51073455810547,145.09658813476562,177.60000610351562,83.74158477783203
2023-08-14,177.065185546875,315.9552307128906,144.88519287109375,158.11856079101562,100.59162902832031,143.95997619628906,177.05999755859375,83.55721282958984
2023-08-15,175.08193969726562,313.8295593261719,141.1968231201172,157.6627197265625,98.00910949707031,143.0359344482422,176.58999633789062,83.04792785644531
2023-08-16,174.21376037597656,313.0674743652344,140.59768676757812,157.16128540039062,96.35990905761719,141.57591247558594,175.57000732421875,82.39812469482422
2023-08-17,171.6780548095703,309.6280517578125,139.13735961914062,158.63815307617188,98.22657775878906,140.55943298339844,175.3000030517578,82.04691314697266
2023-08-18,172.1614990234375,309.2371520996094,139.45562744140625,157.25250244140625,99.71265411376953,140.95677185058594,175.3300018310547,82.3366928100586
2023-08-21,173.4934844970703,314.5135803222656,139.93304443359375,152.56654357910156,98.50747680664062,140.2452392578125,175.80999755859375,81.23909759521484
2023-08-22,174.8649444580078,315.0802917480469,137.0310516357422,151.35401916503906,97.9547348022461,140.30067443847656,176.10000610351562,81.8625259399414
2023-08-23,178.70301818847656,319.51641845703125,137.95779418945312,149.9956512451172,97.0938949584961,141.6128692626953,177.88999938964844,83.89087677001953
2023-08-24,174.0262908935547,312.64727783203125,137.8267822265625,150.5061492919922,96.36898803710938,140.95677185058594,177.85000610351562,83.33769226074219
2023-08-25,176.2264862060547,315.5884704589844,137.6582489013672,152.6641387939453,98.09065246582031,141.88082885742188,177.6199951171875,83.6098861694336
2023-08-28,177.7854461669922,316.29193115234375,138.13568115234375,150.86428833007812,98.91525268554688,142.1025848388672,178.1300048828125,83.69768524169922
2023-08-29,181.66299438476562,320.8941650390625,139.25901794433594,150.88265991210938,99.50425720214844,142.18576049804688,179.8699951171875,84.5669937133789
2023-08-30,185.1458740234375,321.2654113769531,138.69737243652344,150.35006713867188,100.47384643554688,142.3428497314453,180.32000732421875,84.47916412353516
2023-08-31,185.36297607421875,320.259033203125,136.98423767089844,148.4675750732422,100.75473022460938,142.62010192871094,180.02000427246094,84.85673522949219
2023-09-01,186.93173217773438,321.1384582519531,137.4429473876953,147.3656768798828,102.86605072021484,142.7771759033203,180.11000061035156,83.53482055664062
2023-09-05,187.16851806640625,325.9165344238281,135.92637634277344,147.54930114746094,102.87513732910156,140.86436462402344,178.63999938964844,82.36347198486328
2023-09-06,180.46914672851562,325.2618713378906,135.7017364501953,145.0974884033203,103.76315307617188,140.58714294433594,177.8300018310547,82.56603240966797
2023-09-07,175.19052124023438,322.3597717285156,134.5409393310547,146.95240783691406,103.25569915771484,141.92706298828125,178.02000427246094,82.7950210571289
2023-09-08,175.80224609375,326.6200256347656,134.64390563964844,147.4390869140625,104.75991821289062,141.31715393066406,178.0800018310547,83.1120834350586
2023-09-11,176.96652221679688,330.2060241699219,135.2336883544922,149.3675079345703,103.44600677490234,142.9989471435547,178.41000366210938,82.51319885253906
2023-09-12,173.94735717773438,324.17724609375,136.9935760498047,150.2123565673828,106.4634780883789,140.4855194091797,177.49000549316406,82.98876953125
2023-09-13,171.88523864746094,328.3691101074219,137.05911254882812,150.5888214111328,105.51202392578125,141.46498107910156,177.0800018310547,82.97113800048828
2023-09-14,173.3948211669922,330.94866943359375,139.71775817871094,150.35923767089844,107.39681243896484,143.01744079589844,177.1699981689453,82.37228393554688
2023-09-15,172.674560546875,322.66265869140625,139.30584716796875,148.25637817382812,105.74761962890625,141.81617736816406,178.33999633789062,81.87028503417969
2023-09-18,175.59506225585938,321.5292663574219,139.5960235595703,149.1930389404297,106.59940338134766,142.35211181640625,179.38999938964844,82.33705139160156
2023-09-19,176.6803741455078,321.128662109375,139.4181671142578,148.94508361816406,106.31848907470703,141.9363250732422,179.22000122070312,81.72933959960938
2023-09-20,173.1481475830078,313.4289855957031,138.82843017578125,149.59707641601562,105.47578430175781,141.81617736816406,179.35000610351562,81.98474884033203
2023-09-21,171.6089630126953,312.2173767089844,137.74249267578125,148.44923400878906,103.98968505859375,140.58714294433594,178.0500030517578,79.8799057006836
2023-09-22,172.45745849609375,309.7550354003906,136.4225311279297,147.38400268554688,104.15280151367188,140.06968688964844,178.6199951171875,80.52281188964844
2023-09-25,173.73025512695312,310.27288818359375,137.09658813476562,147.1636199951172,105.32172393798828,139.21954345703125,177.6999969482422,78.54122924804688
2023-09-26,169.66525268554688,304.99652099609375,135.6736602783203,146.0249786376953,105.48484802246094,137.98129272460938,176.27999877929688,78.26819610595703
2023-09-27,168.15567016601562,305.631591796875,136.46937561035156,144.2710418701172,108.91913604736328,136.15162658691406,174.10000610351562,77.86307525634766
2023-09-28,168.41220092773438,306.4621887207031,138.1637420654297,144.0598602294922,108.25765228271484,135.22755432128906,173.22999572753906,78.1008529663086
2023-09-29,168.92529296875,308.52386474609375,135.75790405273438,143.02218627929688,106.5450210571289,134.78402709960938,171.4499969482422,78.10968780517578
2023-10-02,171.4313507080078,314.4353942871094,134.58775329589844,142.47119140625,104.77803039550781,134.16490173339844,169.64999389648438,76.80209350585938
2023-10-03,170.09939575195312,306.2178649902344,133.59544372558594,142.64569091796875,104.95928192138672,134.44215393066406,169.16000366210938,75.14995574951172
2023-10-04,171.34255981445312,311.6604309082031,134.19456481933594,142.8109588623047,101.03564453125,134.88568115234375,169.13999938964844,76.2101821899414
2023-10-05,172.57591247558594,312.0512390136719,134.7603759765625,144.2986297607422,98.76119995117188,132.88046264648438,168.8300018310547,75.83025360107422
2023-10-06,175.12147521972656,319.7705383300781,136.83506774902344,144.75775146484375,97.11201477050781,133.1483917236328,169.6999969482422,74.91143035888672
2023-10-09,176.60145568847656,322.2719421386719,136.5238800048828,145.58416748046875,100.51007080078125,132.473876953125,172.82000732421875,76.66957092285156
2023-10-10,176.0094757080078,320.8746032714844,137.35372924804688,145.41885375976562,100.08419036865234,133.7860565185547,172.52999877929688,76.5635757446289
2023-10-11,177.40061950683594,324.8124084472656,137.8252410888672,143.4170684814453,96.49583435058594,132.1411895751953,173.7899932861328,78.16267395019531
2023-10-12,178.29852294921875,323.58123779296875,137.504638671875,143.55477905273438,96.47771453857422,132.43690490722656,173.25999450683594,76.04228973388672
2023-10-13,176.46331787109375,320.2297058105469,139.5699005126953,144.03228759765625,99.55863189697266,133.70285034179688,178.8300018310547,77.40287017822266
2023-10-16,176.3350372314453,325.0273742675781,139.42843627929688,144.65672302246094,99.63111114501953,134.97805786132812,177.9600067138672,76.15715026855469
2023-10-17,174.7860107421875,324.4606018066406,139.1266326904297,143.3343963623047,100.93595886230469,135.1536407470703,178.2899932861328,75.31783294677734
2023-10-18,173.4934844970703,322.55523681640625,137.5989532470703,140.24896240234375,102.34955596923828,138.63735961914062,180.8699951171875,74.65521240234375
2023-10-19,173.11856079101562,323.737548828125,137.0142364501953,139.8725128173828,102.41299438476562,137.857177734375,183.08999633789062,73.12678527832031
2023-10-20,170.57298278808594,319.1939697265625,134.8075408935547,140.4969024658203,100.65505981445312,137.67120361328125,183.58999633789062,73.5420150756836
2023-10-23,170.69139099121094,321.7832946777344,132.96861267089844,139.01846313476562,99.17803955078125,137.7642059326172,182.97000122070312,74.4255142211914
2023-10-24,171.1255340576172,322.9656066894531,133.12892150878906,138.87155151367188,98.21752166748047,139.39151000976562,182.9499969482422,75.40618896484375
2023-10-25,168.81674194335938,332.87353515625,132.4027862548828,139.18377685546875,98.39875793457031,140.0424346923828,183.72000122070312,73.72753143310547
2023-10-26,164.6629180908203,320.38604736328125,132.74224853515625,136.8237762451172,97.50164794921875,139.29852294921875,184.00999450683594,74.8584213256836
2023-10-27,165.9751434326172,322.2620544433594,127.9610595703125,133.70162963867188,95.64405059814453,136.84364318847656,186.14999389648438,74.54034423828125
2023-10-30,168.0175323486328,329.5904235839844,129.59249877929688,135.01480102539062,95.9430923461914,138.79640197753906,185.10000610351562,74.20462799072266
2023-10-31,168.4911346435547,330.3721008300781,131.1391143798828,136.21771240234375,95.91590118408203,139.5124053955078,184.08999633789062,73.84239196777344
2023-11-01,171.6484375,338.1499938964844,131.02593994140625,136.5391082763672,95.7256088256836,139.121826171875,183.50999450683594,75.44346618652344
2023-11-02,175.20040893554688,340.3485412597656,133.3646697998047,137.9624481201172,98.86994934082031,140.8235626220703,184.1199951171875,77.16332244873047
2023-11-03,174.29266357421875,344.7259826660156,134.8546905517578,138.97256469726562,97.66477966308594,139.5496368408203,184.7899932861328,77.6863784790039
2023-11-06,176.83824157714844,348.3706359863281,135.87318420410156,139.3031463623047,95.93402862548828,140.35862731933594,183.35000610351562,76.93282318115234
2023-11-07,179.39370727539062,352.2790832519531,135.80715942382812,138.56854248046875,94.42982482910156,140.0331573486328,182.58999633789062,78.06756591796875
2023-11-08,180.44940185546875,354.88800048828125,136.4767303466797,138.0634765625,93.26993560791016,139.4937744140625,180.77000427246094,79.39739990234375
2023-11-09,179.975830078125,352.43536376953125,136.07122802734375,135.37290954589844,93.297119140625,139.8099822998047,181.49000549316406,77.57112121582031
2023-11-10,184.1548309326172,361.2098693847656,138.08929443359375,135.21681213378906,94.01297760009766,140.79563903808594,179.50999450683594,78.0055160522461
2023-11-13,182.57412719726562,358.288330078125,137.47634887695312,135.56576538085938,95.00069427490234,141.7720489501953,180.50999450683594,77.82821655273438
2023-11-14,185.1823272705078,361.7961730957031,139.98483276367188,135.59332275390625,95.366455078125,141.45590209960938,182.1199951171875,79.59244537353516
2023-11-15,185.74546813964844,361.9429931640625,141.21078491210938,136.64015197753906,94.79037475585938,140.80496215820312,181.63999938964844,78.47541046142578
2023-11-16,187.42498779296875,368.3070983886719,142.8233642578125,137.8339080810547,93.69304656982422,142.11611938476562,183.69000244140625,79.4505615234375
2023-11-17,187.40525817871094,362.1192932128906,144.1153564453125,137.54922485351562,95.9791259765625,140.47950744628906,183.6699981689453,79.8228988647461
2023-11-20,189.14402770996094,369.55059814453125,144.5585479736328,138.76182556152344,95.55850219726562,139.73556518554688,183.3699951171875,80.31050872802734
2023-11-21,188.3437957763672,365.2720031738281,144.25682067871094,139.88182067871094,95.52192687988281,139.121826171875,185.35000610351562,80.27503204345703
2023-11-22,189.00570678710938,369.9520263671875,144.59628295898438,139.60415649414062,95.11042785644531,140.43301391601562,184.55999755859375,80.5587158203125
2023-11-24,187.68186950683594,369.5408020019531,144.7943115234375,141.15921020507812,95.62250518798828,140.76776123046875,185.52000427246094,79.61014556884766
2023-11-27,187.50401306152344,370.6960754394531,144.46426391601562,140.0299530029297,95.064697265625,140.63758850097656,186.77000427246094,80.93994140625
2023-11-28,188.10665893554688,374.70068359375,144.7943115234375,140.35389709472656,95.00983428955078,141.6139678955078,189.25999450683594,81.09950256347656
2023-11-29,187.08908081054688,370.9310607910156,145.52989196777344,140.79818725585938,93.58332061767578,140.53529357910156,189.5399932861328,82.11901092529297
2023-11-30,187.66209411621094,370.9898986816406,147.1896514892578,143.1585693359375,93.94908142089844,142.75778198242188,188.75,81.1704330444336
2023-12-01,188.9365692138672,366.68182373046875,147.9063720703125,146.60194396972656,94.17770385742188,141.95803833007812,192.00999450683594,82.69921112060547
2023-12-04,187.14834594726562,361.424072265625,148.99085998535156,147.0647735595703,93.66561126708984,141.40008544921875,187.86000061035156,82.37013244628906
2023-12-05,191.09031677246094,364.7333984375,148.97201538085938,146.75930786132812,91.84589385986328,136.47164916992188,187.14999389648438,84.13993072509766
2023-12-06,190.00352478027344,361.09112548828125,147.40655517578125,144.97280883789062,90.62968444824219,136.3693389892578,187.83999633789062,85.260498046875
2023-12-07,191.93006896972656,363.1962585449219,147.85919189453125,143.84352111816406,89.99872589111328,136.2298583984375,188.14999389648438,84.77135467529297
2023-12-08,193.3527374267578,366.4076843261719,149.49066162109375,142.93643188476562,91.03203582763672,134.97451782226562,185.63999938964844,84.07766723632812
2023-12-11,190.85321044921875,363.5389404296875,150.03765869140625,143.5288543701172,91.09605407714844,135.59754943847656,183.58999633789062,83.89979553222656
2023-12-12,192.36474609375,366.5545349121094,151.37677001953125,143.53811645507812,89.66038513183594,135.70913696289062,183.49000549316406,84.14878845214844
2023-12-13,195.5756072998047,366.5447692871094,151.885986328125,144.2045135498047,90.45594024658203,138.16404724121094,187.6300048828125,86.12313079833984
2023-12-14,195.7238006591797,358.2811279296875,154.6490936279297,145.20423889160156,92.88834381103516,134.51885986328125,188.72999572753906,88.36344909667969
2023-12-15,195.19033813476562,362.98089599609375,155.8184814453125,143.62139892578125,92.26653289794922,133.86795043945312,187.0,88.46159362792969
2023-12-18,193.5305633544922,364.8607482910156,156.76150512695312,143.8805694580078,92.95236206054688,135.92298889160156,187.85000610351562,87.75676727294922
2023-12-19,194.5679168701172,365.4579772949219,158.8550262451172,144.82472229003906,94.17770385742188,135.92298889160156,189.1300048828125,88.22960662841797
2023-12-20,192.48333740234375,362.8731384277344,157.06326293945312,141.8719482421875,92.60486602783203,133.8214569091797,188.10000610351562,88.82738494873047
2023-12-21,192.33509826660156,365.73211669921875,157.95916748046875,143.32521057128906,93.02550506591797,134.1468963623047,189.42999267578125,88.26531219482422
2023-12-22,191.26812744140625,366.7503662109375,157.86485290527344,143.8990936279297,93.19011688232422,135.09539794921875,190.27000427246094,87.86380767822266
2023-12-26,190.72476196289062,366.8287353515625,158.79849243164062,144.5285186767578,93.4004135131836,135.70913696289062,191.72000122070312,88.1136245727539
2023-12-27,190.8235321044922,366.2510681152344,159.75091552734375,144.72291564941406,92.96150970458984,135.8207244873047,192.58999633789062,89.67499542236328
2023-12-28,191.2483673095703,367.4357604980469,160.59967041015625,144.93580627441406,91.61727905273438,135.5138397216797,191.47000122070312,89.02368927001953
2023-12-29,190.21102905273438,368.1799011230469,160.4110565185547,145.0839080810547,91.42525482177734,136.26708984375,191.1699981689453,88.22071075439453
2024-01-02,183.40399169921875,363.1179504394531,162.2782440185547,148.07369995117188,93.60161590576172,138.3128204345703,190.72000122070312,87.712158203125
2024-01-03,182.03074645996094,362.8536071777344,161.57101440429688,148.9993438720703,94.38803100585938,137.47592163085938,189.1300048828125,88.07794189453125
2024-01-04,179.7189178466797,360.2491760253906,162.64320373535156,148.68463134765625,93.56503295898438,138.22914123535156,189.32000732421875,86.73963928222656
2024-01-05,178.99771118164062,360.0631408691406,163.459228515625,149.14743041992188,93.8485107421875,137.08538818359375,189.35000610351562,85.9098892211914
2024-01-08,183.32496643066406,366.8581237792969,163.22203063964844,149.51766967773438,92.28480529785156,138.26634216308594,187.8699951171875,86.75748443603516
2024-01-09,182.91006469726562,367.93505859375,161.93157958984375,149.6102752685547,91.14177703857422,138.8335723876953,187.92999267578125,86.20433044433594
2024-01-10,183.94737243652344,374.7691955566406,162.27317810058594,149.83241271972656,90.2456283569336,139.4287109375,187.5,85.8028335571289
2024-01-11,183.3546142578125,376.5903015136719,161.58998107910156,149.1659393310547,90.22734069824219,139.958740234375,187.8699951171875,86.28461456298828
2024-01-12,183.68063354492188,380.35003662109375,160.40391540527344,150.31375122070312,91.39781951904297,140.0424346923828,189.7100067138672,86.11509704589844
2024-01-16,181.418212890625,382.1124267578125,159.3981170654297,148.58277893066406,89.33120727539062,139.28921508789062,187.91000366210938,84.59838104248047
2024-01-17,180.4796600341797,381.3291320800781,158.5441436767578,148.49948120117188,88.68194580078125,139.4287109375,185.83999633789062,84.46454620361328
2024-01-18,186.35801696777344,385.63714599609375,158.85726928710938,149.22149658203125,88.51736450195312,138.6248779296875,187.3699951171875,83.67939758300781
2024-01-19,189.25271606445312,390.3368835449219,161.59947204589844,149.65652465820312,88.65450286865234,138.09152221679688,187.92999267578125,83.94708251953125
2024-01-22,191.55465698242188,388.2220153808594,161.40968322753906,150.38778686523438,88.53562927246094,138.36285400390625,187.22000122070312,84.44669342041016
2024-01-23,192.8291015625,390.56207275390625,160.3470001220703,147.92559814453125,89.53238677978516,144.08978271484375,187.9499969482422,83.77753448486328
2024-01-24,192.15728759765625,394.1455078125,161.77976989746094,147.1387939453125,91.07776641845703,142.34925842285156,186.39999389648438,83.28682708740234
2024-01-25,191.83128356933594,396.40728759765625,164.09494018554688,147.69418334960938,93.39128875732422,145.62442016601562,187.13999938964844,83.83106994628906
2024-01-26,190.10232543945312,395.48687744140625,163.4687042236328,147.63864135742188,94.18683624267578,146.1110382080078,187.00999450683594,83.67047119140625
2024-01-29,189.42066955566406,401.1558532714844,163.89569091796875,147.50904846191406,94.30572509765625,146.1297607421875,188.3300018310547,84.6340560913086
2024-01-30,185.7751007080078,400.04949951171875,167.25466918945312,146.96295166015625,95.87854766845703,147.37435913085938,188.58999633789062,85.40135192871094
2024-01-31,182.17893981933594,389.2696533203125,165.44232177734375,147.08326721191406,94.01309967041016,147.04681396484375,188.4499969482422,86.23999786376953
2024-02-01,184.6093292236328,395.3400573730469,164.8445587158203,146.5833740234375,93.62903594970703,148.95574951171875,190.41000366210938,87.93170166015625
2024-02-02,183.6114959716797,402.6244812011719,165.79342651367188,144.9635772705078,93.24498748779297,147.93580627441406,188.61000061035156,85.9894027709961
2024-02-05,185.41941833496094,397.1710205078125,165.57518005371094,144.2138214111328,92.86092376708984,148.04811096191406,187.57000732421875,84.2529525756836
2024-02-06,187.01992797851562,397.0142822265625,166.14447021484375,146.30575561523438,93.50102233886719,148.74993896484375,188.5500030517578,85.07642364501953
2024-02-07,187.1285858154297,405.3953857421875,166.45761108398438,146.23170471191406,93.47358703613281,148.89959716796875,188.5,84.66471862792969
2024-02-08,186.05172729492188,405.4540710449219,165.85984802246094,144.76919555664062,95.07384490966797,148.45045471191406,188.3300018310547,84.17240142822266
2024-02-09,186.81344604492188,411.7594909667969,166.05906677246094,145.10243225097656,93.06207275390625,147.308837890625,187.60000610351562,84.00235748291016
2024-02-12,185.13174438476562,406.5801086425781,166.7991943359375,146.11134338378906,94.34230041503906,147.0187530517578,187.11000061035156,84.10079193115234
2024-02-13,183.0445098876953,397.8269348144531,165.3474578857422,144.833984375,93.53010559082031,146.23268127441406,184.52999877929688,82.65972137451172
2024-02-14,182.1641082763672,401.672119140625,167.02691650390625,144.1582489013672,93.06864166259766,145.63380432128906,184.4199981689453,83.0804214477539
2024-02-15,181.87722778320312,398.7980651855469,170.67051696777344,146.1761474609375,95.73593139648438,146.9251708984375,185.66000366210938,83.51004791259766
2024-02-16,180.3439483642578,396.3457336425781,169.87347412109375,146.0082550048828,95.73593139648438,147.3930206298828,186.33999633789062,83.02670288085938
2024-02-20,179.60205078125,395.10003662109375,170.5376739501953,147.2300567626953,94.83146667480469,148.32879638671875,187.47000122070312,83.09832763671875
2024-02-21,180.35385131835938,394.50164794921875,171.64785766601562,147.99481201171875,96.76960754394531,150.097412109375,187.47999572753906,82.50759887695312
2024-02-22,182.38172912597656,403.7908630371094,173.70687866210938,149.64566040039062,96.68655395507812,150.2471466064453,187.55999755859375,82.91034698486328
2024-02-23,180.55169677734375,402.505859375,174.57984924316406,150.94204711914062,95.83745574951172,150.68695068359375,188.6199951171875,84.0202407836914
2024-02-26,179.20635986328125,399.7593688964844,173.98202514648438,149.9627685546875,96.21585083007812,149.92898559570312,188.1999969482422,83.76963806152344
2024-02-27,180.66050720214844,399.7005310058594,174.06744384765625,150.1399383544922,96.01280975341797,149.06805419921875,188.0,83.17889404296875
2024-02-28,179.46356201171875,399.9358825683594,174.94985961914062,150.67156982421875,96.28046417236328,149.76991271972656,188.33999633789062,83.70695495605469
2024-02-29,178.80076599121094,405.7428894042969,176.54396057128906,150.5130157470703,96.46503448486328,148.731201171875,189.30999755859375,84.2977066040039
2024-03-01,177.7225341796875,407.5673522949219,175.81332397460938,151.2032012939453,97.68330383300781,148.64697265625,192.88999938964844,84.82295989990234
2024-03-04,173.21168518066406,406.9984130859375,177.13221740722656,149.07672119140625,96.3173828125,149.31138610839844,196.00999450683594,84.48177337646484
2024-03-05,168.28541564941406,394.9626770019531,178.90660095214844,149.19796752929688,97.49872589111328,149.08680725097656,197.19000244140625,85.68494415283203
2024-03-06,167.2961883544922,394.41339111328125,179.8364715576172,148.61038208007812,98.5416488647461,149.32073974609375,198.80999755859375,86.1877670288086
2024-03-07,167.177490234375,401.3287658691406,178.26138305664062,148.1720428466797,99.09539794921875,150.3032684326172,199.94000244140625,86.1069564819336
2024-03-08,168.88882446289062,398.4645690917969,178.59347534179688,148.7782745361328,100.0275650024414,150.0506591796875,201.6300048828125,85.95429992675781
2024-03-11,170.8870391845703,396.7969665527344,178.65985107421875,150.37310791015625,100.61824035644531,151.1735382080078,202.0,85.909423828125
2024-03-12,171.3618621826172,407.3515625,180.130615234375,151.78143310546875,99.97219848632812,151.52915954589844,199.7899932861328,85.19111633300781
2024-03-13,169.28451538085938,407.17498779296875,181.59185791015625,150.2518768310547,101.08895111083984,151.87539672851562,201.19000244140625,84.7780990600586
2024-03-14,171.13433837890625,417.101806640625,178.3562469482422,148.48915100097656,102.87944030761719,151.12677001953125,200.35000610351562,83.47614288330078
2024-03-15,170.75845336914062,408.4697570800781,180.5670928955078,147.52850341796875,102.69485473632812,151.01446533203125,199.7100067138672,83.44922637939453
2024-03-18,171.84658813476562,409.3526306152344,182.806396484375,146.20413208007812,103.64546203613281,150.8554229736328,200.02999877929688,83.19780731201172
2024-03-19,174.18116760253906,413.3645324707031,183.87860107421875,145.691162109375,104.37458801269531,151.43556213378906,199.8000030517578,83.4312515258789
2024-03-20,176.7432098388672,417.1116027832031,186.2886962890625,145.2714385986328,104.28230285644531,151.5852813720703,202.17999267578125,83.4043197631836
2024-03-21,169.52191162109375,421.17254638671875,188.87904357910156,145.2621307373047,104.7437515258789,151.46363830566406,201.97000122070312,83.5838851928711
2024-03-22,170.422119140625,420.55450439453125,186.5638427734375,144.7771453857422,104.7437515258789,151.27650451660156,200.35000610351562,84.38302612304688
2024-03-25,169.00753784179688,414.786865234375,184.85592651367188,144.767822265625,105.81437683105469,149.90090942382812,200.99000549316406,83.96100616455078
2024-03-26,167.8798370361328,413.59991455078125,185.7193603515625,145.28077697753906,105.02064514160156,150.23780822753906,201.63999938964844,84.1944580078125
2024-03-27,171.44100952148438,413.3841552734375,189.31553649902344,147.32333374023438,106.10969543457031,152.1654815673828,203.10000610351562,85.02947998046875
2024-03-28,169.63072204589844,412.6877136230469,190.0556640625,147.53782653808594,107.28182983398438,151.82859802246094,205.72000122070312,84.9576644897461
2024-04-01,168.1963653564453,416.4642028808594,188.76519775390625,147.1554412841797,107.9740219116211,150.26588439941406,207.82000732421875,83.37397003173828
2024-04-02,167.0192108154297,413.3939514160156,188.6892852783203,147.10879516601562,110.0875473022461,150.25648498535156,210.88999938964844,82.9145278930664
2024-04-03,167.8205108642578,412.4228210449219,188.15792846679688,143.87245178222656,110.10601043701172,146.12039184570312,212.74000549316406,82.89649963378906
2024-04-04,166.9994354248047,409.90191650390625,186.72633361816406,142.23097229003906,110.49363708496094,145.46534729003906,211.52000427246094,83.49107360839844
2024-04-05,167.75123596191406,417.3960266113281,188.44424438476562,142.12838745117188,112.01648712158203,146.07362365722656,215.13999938964844,82.3289794921875
2024-04-08,166.6334228515625,416.4837951660156,189.42727661132812,141.38226318359375,111.25968170166016,146.01747131347656,216.47999572753906,82.31995391845703
2024-04-09,167.8402557373047,418.1416015625,188.15792846679688,142.03512573242188,111.84111785888672,146.59764099121094,217.6699981689453,83.08568572998047
2024-04-10,165.9706573486328,415.17919921875,186.5545654296875,140.08584594726562,112.78250885009766,147.14039611816406,215.61000061035156,81.27497100830078
2024-04-11,173.15234375,419.7600402832031,186.516357421875,138.77081298828125,112.40411376953125,145.830322265625,219.8000030517578,80.90562438964844
2024-04-12,174.6460723876953,413.8451843261719,174.452880859375,137.58631896972656,111.09354400634766,145.3530731201172,216.88999938964844,81.33799743652344
2024-04-15,170.82772827148438,405.7428894042969,174.54832458496094,137.65159606933594,110.45673370361328,145.46534729003906,220.9499969482422,80.07682800292969
2024-04-16,167.55340576171875,406.6649169921875,172.5536651611328,134.72305297851562,109.54301452636719,145.9332275390625,221.22000122070312,79.54534149169922
2024-04-17,166.18829345703125,403.97723388671875,171.8665008544922,135.02151489257812,109.4876480102539,146.87838745117188,219.58999633789062,80.42815399169922
2024-04-18,165.23861694335938,396.5517578125,172.9831085205078,135.92620849609375,109.38611602783203,148.1375732421875,220.33999633789062,80.02277374267578
2024-04-19,163.2206268310547,391.5000915527344,177.3256072998047,137.9500732421875,110.64129638671875,148.9381103515625,221.02999877929688,80.31104278564453
2024-04-22,164.05157470703125,393.3049621582031,180.77096557617188,139.0785675048828,111.26890563964844,151.19845581054688,215.57000732421875,80.17591094970703
2024-04-23,165.10011291503906,399.7887878417969,183.37640380859375,139.4889678955078,111.70267486572266,152.1026153564453,215.0399932861328,80.20295715332031
2024-04-24,167.197265625,401.2503356933594,184.2735595703125,138.5283203125,111.72114562988281,153.1385955810547,214.63999938964844,79.63542938232422
2024-04-25,168.05789184570312,391.4216003417969,184.55032348632812,136.93348693847656,111.97956848144531,153.0915069580078,215.9199981689453,79.0768814086914
2024-04-26,167.47427368164062,398.5626220703125,184.6648712158203,136.29925537109375,108.86927795410156,151.90480041503906,216.6199951171875,79.49127197265625
2024-04-29,171.62893676757812,394.5703430175781,184.46446228027344,136.93348693847656,110.4197998046875,152.25332641601562,216.17999267578125,80.15792083740234
2024-04-30,168.49317932128906,381.89697265625,182.99465942382812,134.85362243652344,109.15538024902344,153.70367431640625,211.8699951171875,79.47327423095703
2024-05-01,167.47427368164062,387.39990234375,183.10919189453125,140.99986267089844,107.0880126953125,153.8920440673828,213.7899932861328,80.05906677246094
2024-05-02,171.16404724121094,390.24456787109375,182.91835021972656,139.82472229003906,107.28182983398438,154.30642700195312,213.1300048828125,80.40260314941406
2024-05-03,181.4024200439453,398.8961181640625,181.82077026367188,139.218505859375,107.06031799316406,154.890380859375,212.9600067138672,81.2161865234375
2024-05-06,179.75042724609375,405.644775390625,183.24281311035156,138.574951171875,107.75251770019531,154.87152099609375,215.1999969482422,81.53258514404297
2024-05-07,180.4329833984375,401.52496337890625,183.0041961669922,138.70553588867188,107.21722412109375,156.1147003173828,214.2100067138672,82.0298080444336
2024-05-08,180.7693328857422,402.70208740234375,186.72633361816406,138.92002868652344,107.19876098632812,155.46485900878906,213.5800018310547,81.53258514404297
2024-05-09,182.57960510253906,404.44805908203125,188.49197387695312,139.75942993164062,109.31228637695312,156.37841796875,216.9499969482422,81.93035125732422
2024-05-10,181.32159423828125,406.8218994140625,189.70404052734375,139.81539916992188,108.86927795410156,157.14129638671875,218.7100067138672,81.46932220458984
2024-05-13,184.52108764648438,405.82135009765625,189.66587829589844,141.0371856689453,108.8231430053711,156.2183074951172,216.25999450683594,81.67724609375
2024-05-14,185.6602020263672,408.60711669921875,192.31907653808594,141.18643188476562,109.48373413085938,156.1147003173828,218.08999633789062,82.1382827758789
2024-05-15,187.92857360839844,415.7511901855469,192.89169311523438,142.38954162597656,110.33042907714844,156.82107543945312,220.88999938964844,83.25924682617188
2024-05-16,188.04745483398438,413.6973876953125,193.23529052734375,143.89111328125,109.66981506347656,158.09249877929688,220.02999877929688,83.17789459228516
2024-05-17,188.07717895507812,412.930908203125,195.44944763183594,144.22686767578125,111.31668853759766,157.8853302001953,223.66000366210938,82.61740112304688
2024-05-20,189.2361297607422,417.9720153808594,186.6595458984375,142.2242431640625,110.41415405273438,157.57452392578125,224.55999755859375,82.37332153320312
2024-05-21,190.5337677001953,421.60797119140625,190.41983032226562,142.196044921875,109.65120697021484,158.5540313720703,224.22999572753906,82.79821014404297
2024-05-22,189.09744262695312,423.0622863769531,189.2650146484375,144.32089233398438,107.44609832763672,158.04541015625,220.11000061035156,82.89763641357422
2024-05-23,185.11541748046875,419.6033020019531,187.9384002685547,140.7481689453125,105.61315155029297,155.86044311523438,215.72000122070312,82.36428833007812
2024-05-24,188.18612670898438,422.70855712890625,191.5555419921875,138.181396484375,105.5293960571289,155.70974731445312,215.9199981689453,82.60836029052734
2024-05-28,188.19606018066406,422.86578369140625,190.40072631835938,135.74627685546875,106.86922454833984,153.61892700195312,218.19000244140625,81.42411041259766
2024-05-29,188.4932098388672,421.7357177734375,189.07411193847656,135.80270385742188,105.72479248046875,152.24386596679688,216.16000366210938,80.43875122070312
2024-05-30,189.4837646484375,407.4869384765625,190.23851013183594,136.5924530029297,106.05974578857422,153.11978149414062,216.57000732421875,81.2161865234375
2024-05-31,190.43472290039062,407.9389343261719,193.3879852294922,137.8992919921875,109.10226440429688,154.96571350097656,215.3000030517578,81.76763916015625
2024-06-03,192.19789123535156,406.3567199707031,192.6149444580078,138.9053192138672,106.48774719238281,155.0692901611328,217.22000122070312,83.0901870727539
2024-06-04,192.51487731933594,408.86260986328125,190.0762481689453,138.9617462158203,104.83157348632812,157.29196166992188,215.27000427246094,84.06078338623047
2024-06-05,194.02049255371094,416.6651306152344,188.26290893554688,137.24118041992188,105.25028228759766,156.38784790039062,217.82000732421875,84.67760467529297
2024-06-06,192.64364624023438,417.166259765625,187.92886352539062,137.66429138183594,106.0411376953125,158.66702270507812,219.42999267578125,84.55061340332031
2024-06-07,195.0309295654297,416.50787353515625,190.83021545410156,138.2847900390625,104.90601348876953,157.33908081054688,211.60000610351562,82.99947357177734
2024-06-10,191.29647827148438,420.45819091796875,190.5057373046875,138.3318328857422,105.21305847167969,157.61221313476562,213.5399932861328,82.44615936279297
2024-06-11,205.1940155029297,425.1848449707031,185.4951934814453,137.98391723632812,104.36637115478516,157.73463439941406,214.14999389648438,83.29881286621094
2024-06-12,211.05813598632812,433.4197082519531,182.7942657470703,136.7146759033203,103.21263122558594,155.5684814453125,214.72000122070312,83.92471313476562
2024-06-13,212.2170867919922,433.9306945800781,184.82708740234375,136.7522735595703,102.3845443725586,156.72691345214844,212.97000122070312,85.15836334228516
2024-06-14,210.48361206054688,434.9035949707031,184.94163513183594,136.83688354492188,101.51924896240234,157.08477783203125,215.72999572753906,85.875
2024-06-17,214.62413024902344,440.60308837890625,186.08688354492188,137.22239685058594,100.8214340209961,157.7534637451172,214.61000061035156,85.0223159790039
2024-06-18,212.26657104492188,438.6082763671875,188.01475524902344,136.9403076171875,101.77046203613281,158.75180053710938,215.47000122070312,85.80242919921875
2024-06-20,207.70013427734375,437.9793701171875,189.60861206054688,138.94293212890625,103.96627807617188,157.91357421875,218.16000366210938,85.23091125488281
2024-06-21,205.53082275390625,441.98870849609375,187.3466796875,139.85494995117188,103.0544662475586,158.46925354003906,214.77999877929688,85.23091125488281
2024-06-24,206.17466735839844,439.9152526855469,189.8090057373047,140.2028045654297,106.11558532714844,158.64817810058594,215.6300048828125,85.57562255859375
2024-06-25,207.09588623046875,443.1383972167969,189.03594970703125,138.38824462890625,106.41332244873047,157.14129638671875,214.55999755859375,85.72077941894531
2024-06-26,211.2364044189453,444.3274841308594,188.42514038085938,138.0403594970703,106.4505386352539,157.70639038085938,212.5800018310547,84.49618530273438
2024-06-27,212.07839965820312,445.0054626464844,190.08578491210938,137.0813446044922,106.90644836425781,156.92466735839844,214.99000549316406,84.83180236816406
2024-06-28,208.63125610351562,439.2077331542969,193.03485107421875,137.41981506347656,107.11113739013672,155.32359313964844,215.00999450683594,83.25347900390625
2024-07-01,214.703369140625,448.81829833984375,196.07936096191406,137.68307495117188,106.9622573852539,153.2515869140625,215.57000732421875,81.81661224365234
2024-07-02,218.1901092529297,451.3240966796875,199.30520629882812,137.297607421875,106.23652648925781,154.3629608154297,215.55999755859375,82.45358276367188
2024-07-03,219.4580535888672,452.7883605957031,199.1715850830078,136.97792053222656,106.77618408203125,154.29701232910156,217.99000549316406,83.53646850585938
2024-07-05,224.20281982421875,459.4606628417969,196.53244018554688,137.72068786621094,105.48289489746094,155.59671020507812,220.92999267578125,84.22803497314453
2024-07-08,225.66883850097656,458.16351318359375,196.89715576171875,136.78050231933594,104.37567138671875,156.83050537109375,218.19000244140625,84.41006469726562
2024-07-09,226.5207061767578,451.5796203613281,199.25796508789062,138.25662231445312,103.221923828125,156.0205535888672,218.55999755859375,84.0369644165039
2024-07-10,230.7801055908203,458.17340087890625,199.42111206054688,140.4942626953125,104.1337661743164,157.09420776367188,219.36000061035156,84.30085754394531
2024-07-11,225.42120361328125,446.8234558105469,199.085205078125,140.7481689453125,105.3712387084961,155.90750122070312,223.25,85.11984252929688
2024-07-12,228.3631591796875,445.693359375,196.67642211914062,140.91734313964844,105.38983154296875,156.91529846191406,223.11000061035156,85.48384857177734
2024-07-15,232.18670654296875,446.09625244140625,201.58038330078125,140.31565856933594,107.19486999511719,155.0033721923828,223.8300018310547,84.50105285644531
2024-07-16,232.60276794433594,441.7332458496094,205.00643920898438,141.9797821044922,107.96713256835938,157.2354736328125,228.2899932861328,85.69313049316406
2024-07-17,226.71884155273438,435.837158203125,208.1253662109375,147.21670532226562,109.45581817626953,159.58058166503906,227.22999572753906,85.71134948730469
2024-07-18,222.06321716308594,432.74169921875,201.51319885253906,146.12606811523438,110.53512573242188,158.63876342773438,225.77999877929688,85.05614471435547
2024-07-19,222.1919708251953,429.53814697265625,201.3212432861328,145.4397430419922,107.99504089355469,159.1381072998047,221.72999572753906,84.5556640625
2024-07-22,221.8452911376953,435.2672119140625,201.8011016845703,145.0166473388672,107.25069427490234,159.41285705566406,221.8000030517578,84.3099594116211
2024-07-23,222.88534545898438,437.14410400390625,201.84909057617188,143.2396697998047,105.52011108398438,157.8684539794922,222.5800018310547,84.191650390625
2024-07-24,216.47645568847656,421.4703369140625,200.1792449951172,146.9346466064453,107.0087890625,159.17599487304688,221.8000030517578,83.28166961669922
2024-07-25,215.43638610839844,411.1523132324219,200.25601196289062,150.09375,109.26043701171875,158.13377380371094,218.3300018310547,83.96415710449219
2024-07-26,215.90196228027344,417.90325927734375,203.68206787109375,151.03395080566406,109.16738891601562,160.22767639160156,220.6300048828125,84.61933898925781
2024-07-29,216.17930603027344,419.3379821777344,202.34811401367188,149.07830810546875,108.02296447753906,161.004638671875,220.32000732421875,85.07432556152344
2024-07-30,216.73402404785156,415.593994140625,206.5131378173828,151.6826629638672,109.9489517211914,153.20687866210938,222.52000427246094,85.40193176269531
2024-07-31,219.98304748535156,411.1031494140625,204.21949768066406,148.41078186035156,110.33972930908203,152.31626892089844,226.5500030517578,86.27552032470703
2024-08-01,216.2981719970703,409.8846130371094,199.57464599609375,151.14674377441406,108.81382751464844,156.98733520507812,225.77000427246094,87.01963806152344
2024-08-02,217.7840118408203,401.4139404296875,191.11029052734375,154.3246307373047,108.74868774414062,161.14674377441406,225.33999633789062,89.73131561279297
2024-08-05,207.2939910888672,388.3049621582031,187.04124450683594,151.60748291015625,106.78549194335938,159.23284912109375,222.47999572753906,90.20606231689453
2024-08-06,205.2732696533203,392.687744140625,192.26190185546875,149.4637908935547,106.21793365478516,159.26126098632812,220.6999969482422,88.18829345703125
2024-08-07,207.8388214111328,391.5281982421875,192.31947326660156,149.3979949951172,107.63217163085938,161.0898895263672,220.5500030517578,87.56743621826172
2024-08-08,211.29583740234375,395.71441650390625,195.83189392089844,150.63906860351562,109.68841552734375,161.895263671875,224.00999450683594,87.02873229980469
2024-08-09,214.19818115234375,398.9866638183594,197.50172424316406,151.01512145996094,110.5816421508789,161.5825958251953,224.55999755859375,87.88700103759766
2024-08-12,215.7254180908203,399.76300048828125,197.8760528564453,150.3194122314453,110.72120666503906,158.0485076904297,228.41000366210938,88.20655822753906
2024-08-13,219.4344024658203,406.83831787109375,199.55548095703125,148.91848754882812,109.66050720214844,158.50328063964844,228.05999755859375,88.81827545166016
2024-08-14,219.8806610107422,409.6388854980469,201.76271057128906,149.0030975341797,110.6746826171875,159.93399047851562,226.1999969482422,89.37519836425781
2024-08-15,222.8557586669922,414.4823913574219,203.0198974609375,149.5766143798828,111.359375,159.10018920898438,226.91000366210938,88.65391540527344
2024-08-16,224.1747283935547,411.9622497558594,205.34230041503906,149.8586883544922,110.8341293334961,159.07177734375,231.99000549316406,88.96434020996094
2024-08-19,224.01602172851562,414.97467041015625,206.76263427734375,150.0843505859375,111.17176818847656,159.57391357421875,231.61000061035156,89.37519836425781
2024-08-20,224.6309051513672,418.1938171386719,205.87014770507812,150.5826416015625,107.46699523925781,161.45941162109375,232.4600067138672,90.08735656738281
2024-08-21,224.52183532714844,417.5440979003906,205.94691467285156,151.77671813964844,106.78231811523438,161.2225341796875,232.14999389648438,90.14214324951172
2024-08-22,222.6673583984375,409.0876159667969,207.8950653076172,152.64170837402344,107.60768127441406,161.2130889892578,229.3699951171875,89.24739837646484
2024-08-23,224.9581756591797,410.30841064453125,209.50730895996094,154.31521606445312,109.09896850585938,160.28453063964844,232.02000427246094,89.83171081542969
2024-08-26,225.29534912109375,407.05963134765625,210.33262634277344,154.76654052734375,111.43440246582031,161.40257263183594,232.75999450683594,89.60346221923828
2024-08-27,226.13827514648438,407.40423583984375,211.30191040039062,154.36865234375,110.37454223632812,160.36033630371094,233.38999938964844,89.4482421875
2024-08-28,224.61109924316406,404.2146301269531,212.36717224121094,155.28758239746094,109.28656768798828,160.18032836914062,231.75,89.33868408203125
2024-08-29,227.8837127685547,406.6954650878906,213.2500457763672,155.58123779296875,110.79661560058594,161.09938049316406,232.9499969482422,89.04652404785156
2024-08-30,227.10025024414062,410.6529235839844,215.73562622070312,157.1254119873047,110.618408203125,162.53004455566406,231.2899932861328,88.09696197509766
2024-09-03,220.92193603515625,403.0726013183594,211.4170684814453,158.35693359375,108.30174255371094,165.35354614257812,230.2899932861328,89.53783416748047
2024-09-04,219.0178680419922,402.5410461425781,210.48619079589844,158.54641723632812,106.97926330566406,166.6610565185547,230.42999267578125,90.69197082519531
2024-09-05,220.53517150878906,402.03900146484375,208.85475158691406,156.30123901367188,106.14453125,166.25364685058594,232.35000610351562,91.2049331665039
2024-09-06,218.9881134033203,395.45306396484375,203.89320373535156,155.7233428955078,105.64742279052734,166.36734008789062,230.6300048828125,91.19576263427734
2024-09-09,219.07737731933594,399.4105529785156,208.06781005859375,157.83590698242188,107.87030029296875,166.81265258789062,231.60000610351562,91.58966064453125
2024-09-10,218.2840118408203,407.7586669921875,197.27137756347656,158.5653533935547,103.94041442871094,168.45176696777344,232.6199951171875,92.23085021972656
2024-09-11,220.81285095214844,416.461181640625,198.8740692138672,156.14016723632812,102.90870666503906,164.78504943847656,232.25,92.1575698852539
2024-09-12,220.92193603515625,420.3595886230469,198.2694854736328,155.96966552734375,104.32496643066406,164.35870361328125,236.3300018310547,91.72704315185547
2024-09-13,220.6541748046875,423.8937683105469,196.0814208984375,156.80331420898438,104.24992370605469,164.93666076660156,238.67999267578125,91.97435760498047
2024-09-16,214.5254669189453,424.6320495605469,199.47869873046875,158.19589233398438,105.71308135986328,167.93067932128906,238.66000366210938,92.81707000732422
2024-09-17,214.9915313720703,428.3828430175781,200.81260681152344,158.27171325683594,107.0918197631836,166.64212036132812,237.33999633789062,92.36822509765625
2024-09-18,218.8592071533203,424.1103515625,199.16197204589844,157.40011596679688,107.46699523925781,164.78504943847656,235.50999450683594,91.22325897216797
2024-09-19,226.97132873535156,431.8677978515625,201.9930419921875,156.14016723632812,108.7988510131836,162.53004455566406,239.1699981689453,90.9209976196289
2024-09-20,226.30690002441406,428.5009765625,202.5784454345703,155.5149383544922,108.1141586303711,165.06930541992188,242.2100067138672,90.57290649414062
2024-09-23,224.5912628173828,426.76837158203125,202.91433715820312,154.6244354248047,110.07442474365234,164.64295959472656,242.67999267578125,90.38053131103516
2024-09-24,225.48377990722656,422.495849609375,203.0582733154297,154.20761108398438,109.78366088867188,164.14077758789062,246.07000732421875,90.36222839355469
2024-09-25,224.49205017089844,425.3901062011719,201.71473693847656,152.14242553710938,107.64519500732422,163.2122344970703,245.72999572753906,89.61113739013672
2024-09-26,225.63255310058594,424.6025390625,201.3212432861328,152.8907928466797,105.7975082397461,164.1123504638672,246.97999572753906,89.82178497314453
2024-09-27,225.90029907226562,421.3637390136719,202.01223754882812,152.90028381347656,108.63002014160156,164.43447875976562,245.02000427246094,90.2889404296875
2024-09-30,231.06707763671875,423.6082763671875,202.3577117919922,153.52554321289062,109.943115234375,164.10287475585938,243.05999755859375,89.85843658447266
2024-10-01,224.33340454101562,414.1476745605469,198.69175720214844,153.459228515625,112.48487854003906,163.95127868652344,245.61000061035156,90.50720977783203
2024-10-02,224.898681640625,410.6430969238281,198.931640625,152.682373046875,113.97616577148438,162.89010620117188,245.66000366210938,89.74449920654297
2024-10-03,223.79788208007812,410.062255859375,196.9547119140625,152.0476531982422,114.97035217285156,161.1846466064453,245.49000549316406,88.89905548095703
2024-10-04,224.9185028076172,409.5896911621094,203.9453582763672,151.84873962402344,117.08069610595703,160.00979614257812,245.0,87.80551147460938
2024-10-07,219.85093688964844,403.1711120605469,203.66534423828125,151.12875366210938,117.587158203125,158.34222412109375,244.1699981689453,87.14387512207031
2024-10-08,223.89706420898438,408.26068115234375,203.49154663085938,151.28033447265625,114.4638900756836,159.32757568359375,242.3699951171875,87.2908935546875
2024-10-09,227.63577270507812,410.9679260253906,206.06959533691406,152.1897735595703,114.51077270507812,160.3793182373047,241.0500030517578,86.7946548461914
2024-10-10,227.13992309570312,409.3731384277344,205.50958251953125,152.05714416503906,115.49559783935547,160.0760955810547,242.82000732421875,86.45464324951172
2024-10-11,225.6622772216797,409.8456726074219,214.63409423828125,152.95712280273438,115.9364242553711,162.10366821289062,245.47000122070312,86.1054458618164
2024-10-14,229.3811798095703,412.621826171875,213.85198974609375,153.08973693847656,116.37725067138672,163.44911193847656,245.07000732421875,86.16974639892578
2024-10-15,231.9100341796875,412.22802734375,214.7306671142578,155.45809936523438,112.87879180908203,164.4534454345703,245.9199981689453,87.21736145019531
2024-10-16,229.857177734375,409.6488037109375,215.93760681152344,155.62863159179688,113.16954803466797,163.32595825195312,247.14999389648438,87.58495330810547
2024-10-17,230.22412109375,410.2394714355469,216.6907501220703,155.80862426757812,112.87879180908203,163.231201171875,248.6300048828125,86.19734954833984
2024-10-18,233.05050659179688,411.65704345703125,217.6080322265625,156.42437744140625,112.5599136352539,163.23788452148438,251.27000427246094,86.26168823242188
2024-10-21,234.51821899414062,412.26739501953125,215.3196563720703,154.25497436523438,112.62555694580078,161.57955932617188,251.22000122070312,84.75460052490234
2024-10-22,233.90333557128906,420.86163330078125,216.4010772705078,154.8423309326172,113.20706939697266,161.73204040527344,253.92999267578125,84.8373031616211
2024-10-23,228.84564208984375,417.9969787597656,215.7155303955078,157.1254119873047,112.80376434326172,161.61769104003906,250.8699951171875,84.6075668334961
2024-10-24,228.65725708007812,418.1248779296875,217.2314453125,155.05076599121094,112.16596984863281,161.6558074951172,252.8000030517578,85.14974975585938
2024-10-25,229.49029541015625,421.4916687011719,214.6533966064453,152.40768432617188,112.07218170166016,160.321533203125,253.32000732421875,84.671875
2024-10-28,231.4637451171875,419.9559631347656,217.7335662841797,153.08973693847656,111.51880645751953,161.35084533691406,253.3300018310547,84.44215393066406
2024-10-29,231.73150634765625,425.232666015625,215.2230987548828,151.6592559814453,109.99937438964844,159.3208465576172,256.0899963378906,84.5708236694336
2024-10-30,228.19113159179688,425.8035888671875,216.68109130859375,152.1519012451172,109.44601440429688,158.35830688476562,257.5,84.81890869140625
2024-10-31,224.035888671875,400.0307312011719,214.27684020996094,151.44137573242188,109.53042602539062,157.42428588867188,253.50999450683594,84.95674896240234
2024-11-01,221.06077575683594,403.9881896972656,215.26173400878906,151.69715881347656,107.81403350830078,157.34803771972656,252.47000122070312,83.759033203125
2024-11-04,220.16824340820312,402.10791015625,212.21054077148438,149.9066925048828,111.24681854248047,157.32899475097656,252.8300018310547,85.05911254882812
2024-11-05,221.59629821777344,405.0612487792969,213.8616485595703,150.0109100341797,111.57508850097656,157.97703552246094,253.39999389648438,85.51090240478516
2024-11-06,220.87234497070312,413.6456604003906,238.55099487304688,149.56565856933594,113.48844146728516,153.48818969726562,245.6999969482422,83.16889953613281
2024-11-07,225.5928497314453,418.8139953613281,228.23886108398438,148.47621154785156,113.62913513183594,155.73739624023438,249.64999389648438,84.21083068847656
2024-11-08,225.3248291015625,415.9689636230469,228.81814575195312,147.28257751464844,113.59161376953125,159.83547973632812,247.9600067138672,85.28042602539062
2024-11-11,222.61448669433594,411.5094299316406,231.04859924316406,146.8751983642578,112.99134826660156,158.23439025878906,242.13999938964844,84.86548614501953
2024-11-12,222.61448669433594,416.4513244628906,231.30931091308594,144.6016082763672,112.87879180908203,158.05328369140625,240.0500030517578,83.59308624267578
2024-11-13,223.49807739257812,418.58758544921875,232.8542022705078,145.17001342773438,113.92927551269531,158.758544921875,237.6300048828125,82.80008697509766
2024-11-14,226.57574462890625,420.2513122558594,233.53976440429688,143.8721466064453,114.00492095947266,159.23507690429688,237.00999450683594,83.27954864501953
2024-11-15,223.37892150878906,408.5461730957031,236.8612823486328,145.88999938964844,112.82289123535156,161.57955932617188,236.58999633789062,83.05825805664062
2024-11-18,226.37718200683594,409.29443359375,236.5908966064453,146.6194305419922,113.76851654052734,162.73277282714844,241.08999633789062,83.20580291748047
2024-11-19,226.63531494140625,411.2928161621094,234.71771240234375,144.94264221191406,112.17986297607422,162.7422637939453,243.25,83.62992095947266
2024-11-20,227.35011291503906,409.028564453125,232.48728942871094,145.04684448242188,113.7779769897461,162.86618041992188,244.6199951171875,83.362548828125
2024-11-21,226.87356567382812,407.2629089355469,236.33021545410156,147.3109893798828,115.30042266845703,164.63885498046875,246.66000366210938,83.2979965209961
2024-11-22,228.21385192871094,411.33685302734375,239.9897003173828,146.99838256835938,115.16804504394531,168.00308227539062,249.83999633789062,83.34410095214844
2024-11-25,231.1922149658203,413.1025390625,241.66973876953125,147.57623291015625,113.44699096679688,169.0609893798828,242.47999572753906,85.501708984375
2024-11-26,233.36643981933594,422.17755126953125,241.36077880859375,147.55714416503906,111.55574798583984,170.8908233642578,242.9499969482422,85.16978454589844
2024-11-27,233.2373809814453,417.2454528808594,241.1869659423828,148.3974609375,111.26260375976562,170.9384765625,243.49000549316406,85.75987243652344
2024-11-29,235.62010192871094,417.70904541015625,241.11940002441406,148.02505493164062,111.5462875366211,170.8431854248047,245.58999633789062,86.64506530761719
2024-12-02,237.86383056640625,425.12701416015625,237.76890563964844,147.82452392578125,111.44226837158203,171.2625274658203,243.44000244140625,86.85321044921875
2024-12-03,240.90176391601562,425.3439636230469,236.3881378173828,145.49447631835938,111.27205657958984,167.1834716796875,243.92999267578125,86.1037826538086
2024-12-04,241.2592010498047,431.4795227050781,235.0170440673828,143.6896514892578,108.06637573242188,166.88803100585938,244.6699981689453,87.02900695800781
2024-12-05,241.28897094726562,436.6088562011719,237.02540588378906,142.78245544433594,108.5391845703125,167.76483154296875,242.86000061035156,87.2048110961914
2024-12-06,241.09039306640625,437.54595947265625,238.84068298339844,142.58192443847656,107.39498138427734,165.65859985351562,242.9499969482422,87.3343505859375
2024-12-09,244.97222900390625,439.96270751953125,235.41294860839844,142.85885620117188,106.76141357421875,162.77085876464844,245.36000061035156,86.52938079833984
2024-12-10,245.98489379882812,437.3092041015625,234.49563598632812,142.50552368164062,106.54390716552734,164.19091796875,248.58999633789062,86.12226104736328
2024-12-11,244.714111328125,442.892333984375,235.142578125,140.03224182128906,105.8346939086914,162.618408203125,250.9600067138672,85.30803680419922
2024-12-12,246.17352294921875,443.45458984375,233.21144104003906,139.65025329589844,105.7401351928711,162.82806396484375,247.27999877929688,84.27177429199219
2024-12-13,246.34228515625,441.1957092285156,231.6762237548828,140.0131378173828,104.81340789794922,163.02818298339844,244.2899932861328,83.41130065917969
2024-12-16,249.23130798339844,445.45703125,231.32862854003906,137.3679656982422,102.57227325439453,163.1044464111328,244.8800048828125,83.66110229492188
2024-12-17,251.6537322998047,448.2880859375,230.15061950683594,139.81259155273438,102.13729095458984,162.33250427246094,243.94000244140625,83.86466217041016
2024-12-18,246.26287841796875,431.44989013671875,222.43582153320312,138.22740173339844,100.63374328613281,161.14114379882812,239.25999450683594,82.81598663330078
2024-12-19,247.99032592773438,431.0947570800781,224.93663024902344,137.11009216308594,99.7732162475586,161.24600219726562,239.60000610351562,81.56205749511719
2024-12-20,252.65647888183594,430.6706237792969,229.4168243408203,137.96002197265625,100.11363983154297,160.16905212402344,242.10000610351562,82.0264663696289
2024-12-23,253.43084716796875,429.33892822265625,230.17959594726562,138.72398376464844,100.52027130126953,160.21670532226562,240.9600067138672,81.27409362792969
2024-12-24,256.33978271484375,433.363525390625,233.964599609375,139.27783203125,100.61483001708984,161.0077362060547,241.44000244140625,81.6177749633789
2024-12-26,257.15380859375,432.1601257324219,234.76602172851562,139.02000427246094,100.69993591308594,162.17044067382812,243.07000732421875,81.57135009765625
2024-12-27,253.74856567382812,424.6830139160156,232.86386108398438,138.51388549804688,100.69048309326172,161.57005310058594,241.39999389648438,80.90257263183594
2024-12-30,250.38296508789062,419.06048583984375,231.07757568359375,136.8809356689453,100.00963592529297,159.24459838867188,240.6300048828125,81.55276489257812
2024-12-31,248.61578369140625,415.77569580078125,231.4541473388672,138.1032257080078,101.7212142944336,159.77830505371094,242.1300048828125,81.11619567871094
2025-01-02,242.0931396484375,412.8953552246094,231.73416137695312,137.53030395507812,101.475341796875,158.1867218017578,245.4199981689453,81.339111328125
2025-01-03,241.60665893554688,417.6006164550781,234.90118408203125,137.69261169433594,101.99544525146484,157.3766326904297,243.49000549316406,81.07904052734375
2025-01-06,243.23484802246094,422.0394592285156,233.7559356689453,137.1865234375,101.88197326660156,153.059326171875,243.19000244140625,80.71681213378906
2025-01-07,240.4649658203125,416.63385009765625,236.00758361816406,139.64068603515625,102.83704376220703,153.7264862060547,244.55999755859375,79.8065414428711
2025-01-08,240.951416015625,418.79412841796875,235.9687957763672,135.85916137695312,101.11601257324219,154.4888916015625,245.86000061035156,79.90870666503906
2025-01-10,235.1435546875,413.2603759765625,232.80479431152344,135.65863037109375,100.7472152709961,151.11509704589844,248.2100067138672,79.3792495727539
2025-01-13,232.71121215820312,411.5242004394531,237.01698303222656,137.96002197265625,103.34768676757812,151.38197326660156,245.74000549316406,79.35139465332031
2025-01-14,231.59930419921875,410.02484130859375,240.1809539794922,138.22740173339844,103.75431060791016,152.23971557617188,247.02999877929688,79.22135925292969
2025-01-15,236.1562042236328,420.5203857421875,244.917236328125,138.43748474121094,105.44699096679688,152.15391540527344,248.8800048828125,80.58675384521484
2025-01-16,226.61541748046875,418.8138427734375,246.78067016601562,141.11129760742188,105.2673110961914,152.96401977539062,250.60000610351562,80.84683227539062
2025-01-17,228.32305908203125,423.2034606933594,251.52664184570312,140.4046630859375,106.21294403076172,153.56443786621094,249.27000427246094,80.98616027832031
2025-01-21,221.03591918945312,422.68060302734375,255.28265380859375,141.47418212890625,105.4091567993164,154.12673950195312,253.1300048828125,81.7106704711914
2025-01-22,222.21737670898438,440.1402282714844,255.0982208251953,138.72398376464844,103.57463836669922,157.00494384765625,254.42999267578125,81.28340148925781
2025-01-23,222.04859924316406,440.6433410644531,258.11663818359375,140.03224182128906,104.16094970703125,158.3487548828125,254.07000732421875,80.65176391601562
2025-01-24,221.1749267578125,438.0293273925781,257.0393371582031,140.20411682128906,102.75194549560547,157.36781311035156,255.64999389648438,81.01402282714844
2025-01-27,228.20391845703125,428.6583557128906,258.01959228515625,146.0006103515625,104.17984771728516,162.67990112304688,252.99000549316406,81.97071838378906
2025-01-28,236.54339599609375,441.1266784667969,259.2715759277344,143.6037139892578,102.16565704345703,159.3526611328125,255.17999267578125,81.9150390625
2025-01-29,237.63548278808594,436.3227844238281,258.7280578613281,144.33901977539062,102.76139831542969,159.39100646972656,254.1999969482422,81.74781036376953
2025-01-30,235.8782196044922,409.3541259765625,260.3294677734375,145.98150634765625,103.61248016357422,160.52247619628906,258.04998779296875,82.05432891845703
2025-01-31,234.2996826171875,409.42315673828125,259.4268798828125,145.29391479492188,101.0214614868164,159.160888671875,258.55999755859375,81.51558685302734
2025-02-03,226.36724853515625,405.33935546875,258.9513244628906,145.02655029296875,101.26730346679688,161.81690979003906,259.94000244140625,82.17930603027344
2025-02-04,231.1227569580078,406.7696838378906,260.0480041503906,146.57357788085938,103.98125457763672,161.2128448486328,262.5,82.43098449707031
2025-02-05,230.7951202392578,407.6771545410156,262.46466064453125,147.719482421875,103.9056167602539,162.05665588378906,264.1300048828125,83.79195404052734
2025-02-06,231.5397186279297,410.1728210449219,268.74407958984375,146.5926513671875,102.5344467163086,161.9320068359375,263.42999267578125,83.75464630126953
2025-02-07,225.989990234375,404.1852722167969,267.6764831542969,146.22023010253906,102.96945190429688,161.0594024658203,263.8999938964844,83.21401977539062
2025-02-10,226.2583465576172,406.6217041015625,263.05670166015625,147.28976440429688,104.93635559082031,160.6375274658203,268.3699951171875,82.96231842041016
2025-02-11,231.19793701171875,405.852294921875,266.8903503417969,149.0946044921875,105.5982894897461,162.45936584472656,267.3900146484375,82.43098449707031
2025-02-12,235.42198181152344,403.48492431640625,267.33685302734375,148.2637939453125,102.42118072509766,162.6031951904297,267.6700134277344,81.31240844726562
2025-02-13,240.05348205566406,404.964599609375,268.18121337890625,150.1641387939453,103.16535949707031,163.98394775390625,270.30999755859375,82.66402435302734
2025-02-14,243.10472106933594,402.8831787109375,268.4432373046875,149.11367797851562,103.27031707763672,156.18841552734375,266.2900085449219,83.10215759277344
2025-02-18,242.9755096435547,404.0767822265625,271.70428466796875,149.19070434570312,105.08308410644531,158.62393188476562,270.70001220703125,82.12336730957031
2025-02-19,243.37306213378906,409.1370849609375,271.02490234375,151.98216247558594,105.23573303222656,159.6403350830078,270.8500061035156,82.22590637207031
2025-02-20,244.32717895507812,411.3016662597656,258.9415588378906,153.70523071289062,106.85768127441406,160.33070373535156,270.989990234375,82.53353118896484
2025-02-21,244.0489044189453,403.47357177734375,256.45703125,156.22718811035156,105.60783386230469,163.2264404296875,270.739990234375,83.53094482421875
2025-02-24,245.5894317626953,399.3124084472656,253.6424102783203,157.61329650878906,106.16119384765625,163.52369689941406,272.2099914550781,83.7733154296875
2025-02-25,245.52980041503906,393.2831726074219,249.81846618652344,159.8753662109375,104.69190979003906,165.546875,268.6199951171875,85.2181625366211
2025-02-26,238.89064025878906,395.09197998046875,251.1675567626953,156.97799682617188,104.43429565429688,164.25242614746094,269.0299987792969,85.72150421142578
2025-02-27,235.84934997558594,387.97552490234375,251.41989135742188,157.60366821289062,105.09262084960938,164.89486694335938,264.92999267578125,85.1156005859375
2025-02-28,240.361572265625,392.3837585449219,256.85491943359375,158.8454132080078,106.21843719482422,166.68792724609375,263.2699890136719,86.15962982177734
2025-03-03,236.57485961914062,383.98236083984375,252.94361877441406,161.0208282470703,102.8123550415039,168.3659210205078,266.739990234375,86.56172943115234
2025-03-04,234.4877166748047,384.1009826660156,242.87905883789062,159.23045349121094,102.60245513916016,166.05506896972656,269.05999755859375,85.49571990966797
2025-03-05,234.29888916015625,396.3669738769531,244.12136840820312,158.94166564941406,100.59888458251953,167.42625427246094,269.6199951171875,84.8130874633789
2025-03-06,233.89138793945312,392.284912109375,239.2783203125,159.62509155273438,102.67878723144531,167.4741973876953,268.25,84.5325698852539
2025-03-07,237.60853576660156,388.7464294433594,235.14381408691406,160.45294189453125,104.0145034790039,168.7111053466797,268.3900146484375,84.26139068603516
2025-03-10,226.08935546875,375.7490539550781,225.380126953125,161.4251251220703,106.66686248779297,169.0083465576172,266.0400085449219,85.140380859375
2025-03-11,219.48997497558594,376.0356750488281,222.39085388183594,159.6539764404297,104.14807891845703,165.99754333496094,269.1600036621094,84.5325698852539
2025-03-12,215.65357971191406,378.8229064941406,221.18736267089844,156.75662231445312,104.11946105957031,161.44296264648438,270.3299865722656,84.02762603759766
2025-03-13,208.39817810058594,374.3751525878906,218.5572052001953,156.89137268066406,103.68057250976562,161.6539306640625,275.1300048828125,84.766357421875
2025-03-14,212.1848907470703,384.0515441894531,225.59364318847656,156.71810913085938,106.76227569580078,161.0594024658203,275.239990234375,84.31748962402344
2025-03-17,212.69178771972656,384.1899719238281,227.03976440429688,156.74696350097656,108.53688049316406,162.77577209472656,276.7300109863281,84.73829650878906
2025-03-18,211.38980102539062,379.070068359375,228.04913330078125,158.10421752929688,108.42237091064453,160.81011962890625,279.9599914550781,84.82244873046875
2025-03-19,213.92422485351562,383.32012939453125,232.06716918945312,156.89137268066406,110.11111450195312,161.63475036621094,281.1099853515625,85.26194763183594
2025-03-20,212.7911834716797,382.3515625,231.97012329101562,156.9202423095703,110.57862091064453,160.6566925048828,280.75,85.31804656982422
2025-03-21,216.93568420410156,386.72027587890625,234.51296997070312,157.50743103027344,110.19699096679688,159.8321075439453,278.489990234375,84.8130874633789
2025-03-24,219.38064575195312,388.51910400390625,240.7535858154297,157.1801300048828,110.48320770263672,158.83486938476562,277.25,83.94346618652344
2025-03-25,222.38217163085938,390.574951171875,243.73316955566406,154.99508666992188,111.23692321777344,156.15008544921875,278.4700012207031,83.9341049194336
2025-03-26,220.17572021484375,385.4451904296875,243.6361083984375,155.66888427734375,112.83980560302734,159.7266082763672,278.239990234375,83.38239288330078
2025-03-27,222.48155212402344,386.04815673828125,240.81179809570312,157.02613830566406,112.47724151611328,161.7689971923828,281.9700012207031,83.1392822265625
2025-03-28,216.5679473876953,374.40484619140625,235.69703674316406,157.5844268798828,112.3246078491211,161.11695861816406,284.05999755859375,84.2894515991211
2025-03-31,220.7720947265625,371.0343933105469,238.07489013671875,159.6347198486328,113.46949768066406,163.4086151123047,288.1400146484375,85.1216812133789
2025-04-01,221.82559204101562,377.7554626464844,236.48318481445312,147.51580810546875,113.57445526123047,163.54286193847656,287.57000732421875,85.85929870605469
2025-04-02,222.5213165283203,377.7060546875,238.57955932617188,149.54684448242188,113.221435546875,162.52647399902344,288.1600036621094,85.8030014038086
2025-04-03,201.9478759765625,368.7807922363281,221.95411682128906,153.83998107910156,107.26793670654297,165.29757690429688,286.4200134277344,86.19715118408203
2025-04-04,187.22840881347656,355.664794921875,205.34344482421875,147.50619506835938,99.54937744140625,157.01304626464844,279.7200012207031,87.13561248779297
2025-04-07,180.3507080078125,353.707763671875,209.40577697753906,144.9842071533203,98.21365356445312,153.63784790039062,273.7099914550781,84.50792694091797
2025-04-08,171.365966796875,350.4460754394531,211.77871704101562,144.3874053955078,96.1432876586914,151.87356567382812,275.20001220703125,82.91254425048828
2025-04-09,197.6343994140625,385.9591369628906,228.83859252929688,145.3211212158203,100.94235229492188,155.6418914794922,285.3800048828125,83.40056610107422
2025-04-10,189.25592041015625,376.9252014160156,221.7783203125,143.12643432617188,95.34186553955078,156.83087158203125,292.3500061035156,81.101318359375
2025-04-11,196.9386749267578,383.94287109375,230.65493774414062,146.05267333984375,98.40447998046875,160.04306030273438,297.92999267578125,81.54241943359375
2025-04-14,201.28195190429688,383.3102722167969,229.20965576171875,148.5842742919922,98.64300537109375,162.1717071533203,296.2300109863281,82.12425231933594
2025-04-15,200.90428161621094,381.2544250488281,227.65699768066406,147.87197875976562,98.36631774902344,161.5388641357422,297.7799987792969,82.41517639160156
2025-04-16,193.08241271972656,367.2982177734375,224.21961975097656,148.151123046875,99.4062728881836,159.54443359375,307.4700012207031,82.8750228881836
2025-04-17,195.77581787109375,363.5126953125,226.5144805908203,151.57791137695312,102.01091766357422,163.61001586914062,306.1199951171875,82.14302825927734
2025-04-21,191.97918701171875,354.95318603515625,223.61419677734375,151.04849243164062,100.51300811767578,159.9214324951172,315.5899963378906,80.70718383789062
2025-04-22,198.51895141601562,362.5638122558594,230.0592498779297,151.84744262695312,103.32756805419922,161.97654724121094,311.1099853515625,81.15763854980469
2025-04-23,203.34925842285156,370.0459899902344,235.22508239746094,149.56610107421875,102.44026184082031,159.9021453857422,303.6499938964844,81.9459457397461
2025-04-24,207.09619140625,382.8061828613281,238.8968048095703,149.1329345703125,103.64241027832031,153.920166015625,308.07000732421875,82.80931854248047
2025-04-25,208.00064086914062,387.3034362792969,237.83238220214844,148.79603576660156,103.58516693115234,155.35775756835938,304.7300109863281,83.4193115234375
2025-04-28,208.85536193847656,386.6214294433594,237.5101318359375,149.53724670410156,103.64241027832031,156.15858459472656,309.07000732421875,83.94486236572266
2025-04-29,209.91883850097656,389.4679870605469,238.87725830078125,150.07627868652344,103.38481140136719,156.5541534423828,306.05999755859375,84.64868927001953
2025-04-30,211.20095825195312,390.6737976074219,238.87725830078125,150.4613037109375,100.78014373779297,156.85324096679688,303.7699890136719,83.963623046875
2025-05-01,212.01596069335938,420.464111328125,241.09397888183594,148.68055725097656,100.92326354980469,154.3543243408203,297.4599914550781,83.53787231445312
2025-05-02,204.09466552734375,430.2294921875,246.58201599121094,150.27841186523438,101.3335189819336,154.87533569335938,297.9800109863281,82.63365173339844
2025-05-05,197.6741485595703,431.1091613769531,246.630859375,149.20033264160156,98.52850341796875,153.24476623535156,306.8800048828125,82.172119140625
2025-05-06,197.2964630126953,428.2823486328125,243.3985595703125,148.69017028808594,99.90238952636719,153.6499786376953,315.4800109863281,82.44525146484375
2025-05-07,195.05029296875,428.3218688964844,243.5352783203125,151.41427612304688,99.8069839477539,153.6885986328125,310.75,82.79377746582031
2025-05-08,196.28271484375,433.0859680175781,247.51951599121094,149.8356475830078,101.199951171875,153.07110595703125,304.6300048828125,81.87071228027344
2025-05-09,197.31634521484375,433.6394958496094,247.13865661621094,148.4495086669922,102.38301849365234,152.1159210205078,306.8399963378906,81.9931411743164
2025-05-12,209.776123046875,444.0472717285156,253.94500732421875,148.37249755859375,104.14807891845703,155.24197387695312,298.19000244140625,81.23020935058594
2025-05-13,211.9058380126953,443.9287109375,256.8355712890625,142.8858184814453,104.43429565429688,153.14828491210938,299.4599914550781,80.90054321289062
2025-05-14,211.30873107910156,447.68463134765625,259.4037780761719,140.8836212158203,103.49929809570312,152.46324157714844,293.1600036621094,80.3636474609375
2025-05-15,210.43295288085938,448.6946105957031,261.2103576660156,144.0120086669922,104.54884338378906,156.69888305664062,297.8399963378906,81.0700912475586
2025-05-16,210.24388122558594,449.8234558105469,261.2787170410156,145.6676483154297,104.1733169555664,157.53826904296875,294.239990234375,81.28671264648438
2025-05-19,207.77581787109375,454.37841796875,258.66162109375,146.7842559814453,102.51716613769531,158.97589111328125,298.0299987792969,81.0512466430664
2025-05-20,205.86502075195312,453.6852722167969,259.44287109375,147.91049194335938,101.05359649658203,159.81529235839844,303.5799865722656,80.4672622680664
2025-05-21,201.11798095703125,448.1401062011719,254.91177368164062,147.4484100341797,99.81149291992188,159.6126708984375,305.82000732421875,79.09207916259766
2025-05-22,200.39149475097656,450.4076843261719,254.5504913330078,146.89974975585938,99.14710998535156,159.2267608642578,303.1099853515625,79.50652313232422
2025-05-23,194.33078002929688,445.7734680175781,254.58950805664062,147.2174072265625,99.20487976074219,160.02755737304688,309.75,79.63837432861328
2025-05-27,199.24700927734375,456.1806335449219,259.06201171875,148.7804412841797,99.67668151855469,161.8607177734375,304.5,80.74984741210938
2025-05-28,199.4560089111328,452.8832092285156,257.30426025390625,147.98435974121094,98.31903839111328,161.47482299804688,303.80999755859375,80.40133666992188
2025-05-29,198.98826599121094,454.1902770996094,258.16357421875,149.10081481933594,98.87750244140625,162.6326141357422,305.6099853515625,81.14543151855469
2025-05-30,199.88394165039062,455.85382080078125,257.80230712890625,150.68328857421875,98.50199127197266,163.9158477783203,303.6000061035156,81.26788330078125
2025-06-02,200.7298583984375,457.44805908203125,258.4468078613281,150.86773681640625,99.22415161132812,161.8800506591797,311.6700134277344,80.51155853271484
2025-06-03,202.29229736328125,458.4382629394531,260.01898193359375,149.91632080078125,99.94630432128906,160.98275756835938,308.9100036621094,80.36974334716797
2025-06-04,201.844482421875,459.3294677734375,258.01708984375,148.75132751464844,98.50199127197266,160.11441040039062,310.8999938964844,81.67440795898438
2025-06-05,199.66500854492188,463.1021728515625,255.80043029785156,149.17849731445312,98.04944610595703,157.07518005371094,309.3299865722656,81.73113250732422
2025-06-06,202.93917846679688,465.7757263183594,259.49163818359375,150.50852966308594,100.39884948730469,158.25225830078125,305.17999267578125,80.6911849975586
2025-06-09,200.48104858398438,468.12255859375,260.4779357910156,150.70269775390625,101.07286071777344,156.84359741210938,306.6199951171875,80.77628326416016
2025-06-10,201.6951904296875,466.3104553222656,262.2943115234375,151.8871307373047,103.23932647705078,157.11375427246094,306.7099914550781,81.19225311279297
2025-06-11,197.8238983154297,467.99383544921875,261.8548583984375,150.73184204101562,105.25172424316406,156.409423828125,308.3699951171875,81.43804931640625
2025-06-12,198.2418670654297,474.1826477050781,261.9427490234375,152.0909881591797,105.65614318847656,157.44178771972656,312.20001220703125,82.41183471679688
2025-06-13,195.50509643554688,470.3109130859375,258.7300109863281,152.51817321777344,107.95741271972656,154.64378356933594,316.2900085449219,81.61768341064453
2025-06-16,197.4656219482422,474.45001220703125,264.012939453125,150.6929931640625,108.30404663085938,155.22267150878906,311.7799987792969,80.79518127441406
2025-06-17,194.69898986816406,473.36077880859375,263.1927490234375,147.93582153320312,109.76760864257812,152.9456787109375,311.94000244140625,81.77840423583984
2025-06-18,195.6344757080078,475.5392150878906,267.5284423828125,146.33395385742188,108.98768615722656,152.46324157714844,310.260009765625,81.92020416259766
2025-06-20,200.03323364257812,472.72705078125,268.5440368652344,145.4213409423828,110.44161224365234,153.48599243164062,310.1300048828125,81.76895141601562
2025-06-23,200.53082275390625,481.24285888671875,271.7373046875,146.90673828125,107.59150695800781,155.36740112304688,311.0799865722656,82.0336685180664
2025-06-24,199.3365936279297,485.3125915527344,274.6570739746094,147.75135803222656,104.31774139404297,154.720947265625,306.19000244140625,82.62928771972656
2025-06-25,200.59051513671875,487.45147705078125,277.391357421875,147.8387451171875,104.34662628173828,153.37985229492188,307.1199951171875,82.7332763671875
2025-06-26,200.03323364257812,492.5807800292969,281.97125244140625,147.57659912109375,105.90648651123047,153.05181884765625,306.7799987792969,83.14924621582031
2025-06-27,200.1128387451172,491.0855712890625,280.3697204589844,147.9649658203125,105.31912994384766,154.23854064941406,301.2200012207031,82.61981964111328
2025-06-30,204.18316650390625,492.5411682128906,283.1040344238281,148.29502868652344,103.79779052734375,153.71754455566406,304.8299865722656,83.43286895751953
2025-07-01,206.82040405273438,487.233642578125,283.59228515625,151.37257385253906,105.184326171875,155.55072021484375,307.54998779296875,83.63975524902344
2025-07-02,211.41819763183594,486.2830505371094,285.1449890136719,151.02305603027344,106.92713928222656,155.53143310546875,309.25,83.10836029052734
2025-07-03,212.5228729248047,493.9571838378906,290.443603515625,151.45993041992188,108.03443908691406,155.17445373535156,307.1400146484375,82.52949523925781
2025-07-07,208.94017028808594,492.8481140136719,286.4892272949219,150.7415313720703,106.98490142822266,154.85604858398438,307.3699951171875,81.74187469482422
2025-07-08,208.9998779296875,491.7588806152344,277.47174072265625,151.24635314941406,109.95055389404297,152.33782958984375,304.1600036621094,81.6374740600586
2025-07-09,210.1244354248047,498.5814514160156,277.84466552734375,151.7220916748047,109.57503509521484,151.9808349609375,305.5199890136719,82.49153900146484
2025-07-10,211.38836669921875,496.57135009765625,282.7801818847656,153.0909423828125,110.6630859375,152.91673278808594,306.20001220703125,82.5484619140625
2025-07-11,210.14434814453125,498.393310546875,281.47515869140625,152.323974609375,111.14452362060547,151.52737426757812,309.1400146484375,81.40972900390625
2025-07-14,207.6165771484375,498.09625244140625,283.2806701660156,152.246337890625,109.69058227539062,148.35305786132812,308.010009765625,81.23892974853516
2025-07-15,208.10423278808594,500.8688659667969,281.1709899902344,150.6444549560547,108.71807861328125,147.31103515625,306.7300109863281,80.66954803466797
2025-07-16,209.149169921875,500.6708068847656,280.4547119140625,159.97415161132812,108.06332397460938,148.32411193847656,308.260009765625,80.7834243774414
2025-07-17,209.0098419189453,506.6913146972656,284.4580993652344,158.22666931152344,107.51448822021484,150.14764404296875,307.5899963378906,80.76446533203125
2025-07-18,210.1642608642578,505.05743408203125,285.8023986816406,158.92567443847656,103.76890563964844,150.66932678222656,308.3900146484375,80.88780212402344
2025-07-21,211.45799255371094,505.06732177734375,285.50799560546875,159.56643676757812,104.03851318359375,150.601318359375,313.1300048828125,81.6090087890625
2025-07-22,213.36875915527344,500.32421875,285.9593811035156,163.0323028564453,104.51032257080078,153.7973175048828,316.1000061035156,82.10246276855469
2025-07-23,213.11997985839844,500.9183654785156,291.1893310546875,164.16818237304688,105.84870910644531,153.75845336914062,312.17999267578125,81.64697265625
2025-07-24,212.73184204101562,505.8793029785156,290.9832763671875,164.61476135253906,106.6767807006836,154.2733154296875,310.2699890136719,81.50462341308594
2025-07-25,212.85128784179688,508.681640625,293.014404296875,163.39151000976562,106.30126190185547,153.77789306640625,307.3999938964844,82.01705932617188
2025-07-28,213.0204620361328,507.48345947265625,292.6808166503906,161.37217712402344,107.30265808105469,152.62188720703125,305.4100036621094,81.48565673828125
2025-07-29,210.25381469726562,507.55279541015625,291.4640808105469,163.20704650878906,108.68917846679688,152.13616943359375,306.25,82.86161804199219
2025-07-30,208.04449462890625,508.2162170410156,294.0054626464844,162.3818359375,107.7455825805664,148.51272583007812,300.9599914550781,82.43460083007812
2025-07-31,206.57164001464844,528.2779541015625,290.6791076660156,159.93533325195312,107.4952163696289,146.17156982421875,302.9599914550781,82.4820556640625
2025-08-01,201.40658569335938,518.9798583984375,283.9380798339844,162.44981384277344,105.5694808959961,146.346435546875,309.1099853515625,83.65465545654297
2025-08-04,202.37193298339844,530.3970336914062,288.7362365722656,166.0515899658203,103.38375854492188,146.45327758789062,310.9100036621094,83.88326263427734
2025-08-05,201.9439697265625,522.5841674804688,285.9004821777344,165.7603759765625,103.25858306884766,146.21041870117188,311.1600036621094,84.14047241210938
2025-08-06,212.22430419921875,519.8016967773438,285.880859375,165.61471557617188,102.5556869506836,148.4932861328125,310.5,83.65465545654297
2025-08-07,218.97169494628906,515.7418823242188,281.5536804199219,166.5272979736328,102.01647186279297,149.1053009033203,313.1199951171875,83.51177978515625
2025-08-08,228.24688720703125,516.9300537109375,283.33953857421875,168.27479553222656,102.83492279052734,149.12472534179688,313.04998779296875,83.1498031616211
2025-08-11,226.34388732910156,516.6627807617188,284.1244812011719,168.7505340576172,101.90093231201172,150.552734375,308.54998779296875,83.24504089355469
2025-08-12,228.80479431152344,524.0595703125,287.35272216796875,167.7408447265625,102.18978118896484,150.65957641601562,308.2699890136719,82.8259048461914
2025-08-13,232.47125244140625,515.484375,285.0762939453125,169.33303833007812,103.60520935058594,150.970458984375,309.2099914550781,83.51177978515625
2025-08-14,231.92327880859375,517.36572265625,288.6381530761719,169.624267578125,103.39337158203125,149.34817504882812,307.25,82.89258575439453
2025-08-15,230.7376708984375,515.078369140625,285.03704833984375,171.48828125,103.49056243896484,149.950439453125,307.42999267578125,82.30198669433594
2025-08-18,230.0402374267578,512.0383911132812,286.0575256347656,171.10964965820312,103.7140884399414,151.2716064453125,306.95001220703125,82.06385803222656
2025-08-19,229.71145629882812,504.7801818847656,285.2038269042969,172.6144561767578,104.39437103271484,153.87503051757812,305.2699890136719,82.5401382446289
2025-08-20,225.17819213867188,500.76983642578125,286.754150390625,173.6240997314453,105.47309875488281,154.95333862304688,308.3599853515625,82.72113037109375
2025-08-21,224.072265625,500.1251525878906,285.9986572265625,173.71148681640625,106.15339660644531,154.19558715820312,307.2900085449219,82.31153106689453
2025-08-22,226.9217529296875,503.09075927734375,290.6791076660156,174.0609893798828,108.14566040039062,154.13731384277344,310.5799865722656,82.92117309570312
2025-08-25,226.323974609375,500.14495849609375,289.3642272949219,173.2066650390625,108.59268951416016,151.68931579589844,309.8299865722656,82.68304443359375
2025-08-26,228.46604919433594,497.94305419921875,292.96539306640625,172.60031127929688,108.34972381591797,151.5144500732422,312.0799865722656,82.6353988647461
2025-08-27,229.64170837402344,502.604736328125,293.66204833984375,172.89370727539062,109.57424926757812,152.47618103027344,312.7099914550781,82.5401382446289
2025-08-28,231.70408630371094,505.4810791015625,295.4184265136719,171.583251953125,110.1573486328125,151.20358276367188,315.0299987792969,83.08309936523438
2025-08-29,231.28562927246094,502.5551452636719,295.7618713378906,173.26531982421875,111.07086181640625,152.5538787841797,318.07000732421875,82.49251556396484
2025-09-02,228.87454223632812,500.9979553222656,294.07415771484375,174.13571166992188,111.45960235595703,153.47674560546875,325.5899963378906,81.8786392211914
2025-09-03,237.5923309326172,501.22607421875,293.8877258300781,174.07704162597656,108.7579116821289,153.651611328125,328.1400146484375,82.7774658203125
2025-09-04,238.8975067138672,503.82470703125,298.1168212890625,174.82028198242188,109.2341079711914,154.64247131347656,326.69000244140625,83.40856170654297
2025-09-05,238.80784606933594,490.9605712890625,288.8540344238281,174.49755859375,106.15339660644531,155.44876098632812,331.04998779296875,84.68028259277344
2025-09-08,237.0045166015625,494.1344299316406,287.41162109375,174.2041778564453,106.75592803955078,154.4676055908203,334.82000732421875,85.80859375
2025-09-09,233.48751831054688,494.3426818847656,292.2588806152344,173.05996704101562,107.53339385986328,154.90475463867188,334.05999755859375,85.32093811035156
2025-09-10,225.955322265625,496.2867431640625,294.89837646484375,171.91575622558594,109.33129119873047,152.8550262451172,335.260009765625,85.80859375
2025-09-11,229.1833953857422,496.9214782714844,299.82415771484375,174.5660400390625,108.98143005371094,154.09848022460938,334.760009765625,86.3823013305664
2025-09-12,233.2085418701172,505.7389221191406,301.1488342285156,174.13571166992188,109.00086975097656,153.3893280029297,335.4200134277344,86.00938415527344
2025-09-15,235.828857421875,511.1543884277344,303.1014099121094,173.49026489257812,109.18551635742188,152.34988403320312,338.9100036621094,86.21019744873047
2025-09-16,237.2735137939453,504.885986328125,303.3860168457031,172.5709991455078,111.44988250732422,153.53504943847656,339.5899963378906,86.39187622070312
2025-09-17,238.11044311523438,505.8579406738281,305.8979187011719,173.294677734375,112.0427017211914,155.74990844726562,336.9700012207031,86.17194366455078
2025-09-18,237.0045166015625,504.30078125,307.3501892089844,170.32167053222656,110.72100830078125,152.82591247558594,335.6199951171875,85.2826919555664
2025-09-19,244.59645080566406,513.7034301757812,308.8710632324219,172.3069305419922,109.64227294921875,151.5824432373047,339.17999267578125,85.12013244628906
2025-09-22,255.13751220703125,510.2518615722656,306.57501220703125,170.37057495117188,108.86479949951172,148.69729614257812,345.04998779296875,84.81416320800781
2025-09-23,253.4936065673828,505.07440185546875,306.869384765625,172.68833923339844,110.74044036865234,148.14358520507812,346.4599914550781,85.40699768066406
2025-09-24,251.38140869140625,505.9869079589844,307.5365905761719,172.79591369628906,111.33326721191406,148.0658721923828,343.32000732421875,85.08189392089844
2025-09-25,255.9246368408203,502.8923645019531,307.5660705566406,173.81297302246094,112.3342514038086,147.8035888671875,344.75,85.08189392089844
2025-09-26,254.51980590820312,507.2861633300781,310.1270446777344,175.74935913085938,113.91834259033203,148.14358520507812,346.739990234375,85.00537872314453
2025-09-29,253.4936065673828,510.4005126953125,309.7640075683594,177.61727905273438,111.00283813476562,149.1441650390625,352.4599914550781,85.70341491699219
2025-09-30,253.69287109375,513.7232666015625,309.50885009765625,181.33352661132812,109.57424926757812,149.2607421875,355.4700012207031,85.45478820800781
2025-10-01,254.5098419189453,515.4688720703125,304.8774719238281,181.94961547851562,108.83564758300781,148.8041534423828,356.0299987792969,85.67549133300781
2025-10-02,256.18365478515625,511.53125,301.77679443359375,181.8811798095703,108.15536499023438,147.70645141601562,354.7900085449219,85.92498016357422
2025-10-03,257.07037353515625,513.1281127929688,304.2102355957031,184.48255920410156,110.06988525390625,147.920166015625,357.6400146484375,85.7618408203125
2025-10-06,255.7452850341797,524.256591796875,304.8511047363281,184.01312255859375,110.9833984375,146.11328125,364.3800048828125,85.0805892944336
2025-10-07,255.5360870361328,519.7039794921875,303.3819885253906,184.72705078125,111.04170989990234,148.18243408203125,366.260009765625,85.56995391845703
2025-10-08,257.1102294921875,520.56689453125,299.77325439453125,185.50941467285156,110.8084716796875,146.38528442382812,372.29998779296875,85.63709259033203
2025-10-09,253.10501098632812,518.136962890625,301.2522277832031,186.8687744140625,109.729736328125,146.2784423828125,365.42999267578125,85.56995391845703
2025-10-10,244.3673095703125,506.790283203125,296.6772155761719,186.51669311523438,107.61113739013672,145.4138641357422,369.1199951171875,86.95164489746094
2025-10-13,246.74850463867188,509.8550720214844,303.6580505371094,186.69273376464844,109.07861328125,143.27671813964844,378.0899963378906,86.90367889404297
2025-10-14,246.8581085205078,509.3790283203125,297.85052490234375,186.6438446044922,109.127197265625,144.8990020751953,380.7900085449219,87.18194580078125
2025-10-15,248.42233276367188,509.2401428222656,301.40997314453125,186.956787109375,108.46635437011719,143.2086944580078,387.3900146484375,86.99003601074219
2025-10-16,246.53929138183594,507.4349670410156,294.360107421875,187.8858642578125,107.52367401123047,145.326416015625,396.45001220703125,87.64250946044922
2025-10-17,251.36148071289062,509.3889465332031,293.3938293457031,188.9616241455078,109.07861328125,147.0749969482422,388.989990234375,87.50816345214844
2025-10-20,261.2748107910156,512.5726928710938,298.1265869140625,189.45057678222656,109.52565002441406,147.6190185546875,403.1499938964844,87.8440170288086
2025-10-21,261.8028869628906,513.4356079101562,292.9303894042969,187.65115356445312,109.53536987304688,147.2886962890625,377.239990234375,88.27578735351562
2025-10-22,257.4988098144531,516.2921142578125,289.9920959472656,188.68777465820312,111.47903442382812,147.85214233398438,377.2799987792969,88.3333511352539
2025-10-23,258.6246643066406,516.3118896484375,290.4161071777344,188.2281494140625,112.71327209472656,147.86187744140625,378.7900085449219,87.7288589477539
2025-10-24,261.85272216796875,519.3370361328125,296.2334899902344,186.2037353515625,112.13988494873047,149.1697540283203,377.5199890136719,87.76725006103516
2025-10-27,267.8206481933594,527.1824951171875,299.89154052734375,186.10597229003906,112.67440032958984,148.43609619140625,367.010009765625,88.06468963623047
2025-10-28,268.00994873046875,537.6464233398438,301.0845947265625,182.8102264404297,111.79002380371094,148.0741424560547,364.3800048828125,88.29496765136719
2025-10-29,268.7073974609375,537.130615234375,301.2325134277344,182.48751831054688,113.17003631591797,145.53074645996094,363.0,87.40261840820312
2025-10-30,270.401123046875,521.469482421875,305.10748291015625,184.8834991455078,111.45960235595703,146.3231201171875,370.1300048828125,86.89408111572266
2025-10-31,269.3749084472656,513.5844116210938,306.7639465332031,184.7074737548828,111.13890075683594,147.09591674804688,368.1199951171875,86.63501739501953
2025-11-03,268.0597839355469,512.810791015625,305.0187683105469,182.15499877929688,110.55579376220703,144.79708862304688,368.7799987792969,86.4183349609375
2025-11-04,269.0461730957031,510.1327819824219,304.920166015625,182.7417755126953,110.92510223388672,143.965576171875,362.32000732421875,86.6109390258789
2025-11-05,269.1457824707031,503.02130126953125,307.3161315917969,181.9007110595703,110.47805786132812,142.61563110351562,366.510009765625,85.6672134399414
2025-11-06,268.7771301269531,493.0434265136719,309.0317687988281,182.849365234375,111.27495574951172,142.9482421875,366.07000732421875,86.43759155273438
2025-11-07,267.48193359375,492.76568603515625,309.8106994628906,182.4581756591797,113.91834259033203,143.77972412109375,368.30999755859375,86.25463104248047
2025-11-10,268.6985778808594,501.87078857421875,312.45318603515625,184.2576141357422,114.89017486572266,142.33193969726562,378.3800048828125,86.23538208007812
2025-11-11,274.5028076171875,504.5289001464844,311.200927734375,189.5581512451172,116.40623474121094,145.30575561523438,379.8699951171875,86.63020324707031
2025-11-12,272.7276916503906,506.9688415527344,315.92388916015625,190.10580444335938,114.7929916381836,144.78729248046875,385.989990234375,86.78428649902344
2025-11-13,272.20904541015625,499.1828918457031,305.14697265625,190.94686889648438,115.44412231445312,144.73838806152344,382.8699951171875,86.07166290283203
2025-11-14,271.6705322265625,506.0166320800781,299.35906982421875,191.61187744140625,116.94403076171875,144.45469665527344,375.9599914550781,85.58053588867188
2025-11-17,266.73394775390625,503.34857177734375,296.1644592285156,195.1814422607422,115.36568450927734,142.64498901367188,371.6499938964844,85.79238891601562
2025-11-18,266.7139892578125,489.76043701171875,295.2179260253906,195.59217834472656,116.68914794921875,143.78952026367188,374.3500061035156,85.76349639892578
2025-11-19,267.83099365234375,483.14483642578125,299.0238342285156,198.04685974121094,115.04218292236328,143.78952026367188,374.9599914550781,85.59017181396484
2025-11-20,265.5272521972656,475.41387939453125,294.20233154296875,198.5945281982422,114.71866607666016,144.96337890625,374.8500061035156,85.9272232055664
2025-11-21,270.75299072265625,469.1436462402344,293.84735107421875,199.40621948242188,114.77749633789062,147.63394165039062,374.2699890136719,86.18722534179688
2025-11-24,275.1710205078125,471.0118103027344,293.8276672363281,201.50885009765625,113.68932342529297,143.77972412109375,380.20001220703125,86.6783447265625
2025-11-25,276.2181396484375,473.9829406738281,298.7576599121094,203.39845275878906,112.2580337524414,145.25685119628906,380.0799865722656,86.89981842041016
2025-11-26,276.7966003417969,482.4393310546875,303.33270263671875,204.2743682861328,112.5129165649414,145.02206420898438,383.1199951171875,87.28501892089844
2025-11-28,278.0930480957031,488.9082946777344,308.6965026855469,203.64450073242188,113.64030456542969,144.9340362548828,387.8800048828125,86.87093353271484
2025-12-01,282.3315124511719,483.6715087890625,304.5947570800781,202.08950805664062,114.33634185791016,144.22972106933594,389.75,85.78951263427734
2025-12-02,285.4131164550781,486.91094970703125,303.5693359375,202.16824340820312,113.11091613769531,142.68411254882812,387.239990234375,85.82817077636719
2025-12-03,283.378662109375,474.71832275390625,307.75982666015625,202.0796661376953,115.48333740234375,143.51560974121094,386.8800048828125,86.06977081298828
2025-12-04,279.9380187988281,477.8087158203125,311.67425537109375,199.2747802734375,114.83631134033203,142.1949920654297,387.1300048828125,85.60589599609375
2025-12-05,278.0232238769531,480.11407470703125,310.62908935546875,198.73348999023438,114.24811553955078,140.3265838623047,386.44000244140625,85.20965576171875
2025-12-08,277.1356506347656,487.92449951171875,310.79669189453125,198.4283905029297,113.69912719726562,135.32785034179688,385.4200134277344,84.92939758300781
2025-12-09,276.4275817871094,488.918212890625,296.30255126953125,196.794677734375,115.92448425292969,136.5897674560547,387.3999938964844,85.01637268066406
2025-12-10,278.0232238769531,475.5430603027344,305.76806640625,203.2705078125,117.1891098022461,136.775634765625,389.04998779296875,85.3449478149414
2025-12-11,277.2752685546875,480.422119140625,312.9363098144531,206.68557739257812,117.1891098022461,137.69515991210938,393.239990234375,85.22898864746094
2025-12-12,277.5245666503906,475.51324462890625,314.06036376953125,208.23072814941406,116.48326873779297,139.7298583984375,395.44000244140625,84.40751647949219
2025-12-15,273.3658752441406,471.8266296386719,315.53936767578125,210.7797393798828,115.44412231445312,141.97000122070312,395.79998779296875,84.46551513671875
2025-12-16,273.8645324707031,473.38677978515625,311.1319580078125,205.98683166503906,112.42469024658203,142.0482635498047,395.8900146484375,84.92939758300781
2025-12-17,271.10205078125,473.1184387207031,310.5699157714844,207.00051879882812,115.10101318359375,144.59165954589844,399.2900085449219,84.85208892822266
2025-12-18,271.4511413574219,480.9289245605469,308.61767578125,205.0124969482422,114.24811553955078,142.35153198242188,398.57000732421875,85.25797271728516
2025-12-19,272.9271240234375,482.8566589355469,312.7686767578125,203.1031951904297,114.3951644897461,141.31460571289062,399.0199890136719,84.93976593017578
2025-12-22,270.23443603515625,481.8630065917969,318.56634521484375,204.03817749023438,115.82644653320312,139.5831298828125,408.2300109863281,84.75541687011719
2025-12-23,271.62066650390625,483.7807922363281,321.3666076660156,202.52255249023438,117.07147216796875,140.06246948242188,413.6400146484375,84.89124298095703
2025-12-24,273.06671142578125,484.9433898925781,324.5612487792969,204.4908905029297,116.87540435791016,141.34396362304688,411.92999267578125,85.40544891357422
2025-12-26,272.6578674316406,484.6353454589844,323.3188781738281,204.34324645996094,116.76757049560547,141.5885009765625,416.739990234375,85.12409973144531
2025-12-29,273.0168762207031,484.02923583984375,319.2171325683594,204.2743682861328,118.1596450805664,141.42221069335938,398.6000061035156,85.44425201416016
2025-12-30,272.33868408203125,484.4068603515625,318.89178466796875,203.6346435546875,118.61060333251953,140.9135284423828,398.8900146484375,85.24051666259766
2025-12-31,271.12200927734375,480.5711669921875,317.70855712890625,203.6740264892578,117.97337341308594,140.18963623046875,396.30999755859375,84.56138610839844
2026-01-02,270.27435302734375,469.95849609375,320.92291259765625,204.06768798828125,120.23795318603516,138.70272827148438,398.2799987792969,84.43526458740234
2026-01-05,266.5345458984375,469.86907958984375,329.36309814453125,201.0758056640625,122.8946533203125,137.3136444091797,408.760009765625,84.8524398803711
2026-01-06,261.6478271484375,475.493408203125,331.41326904296875,201.5482177734375,118.66941833496094,136.86367797851562,413.17999267578125,84.67780303955078
2026-01-07,259.6233215332031,480.422119140625,323.8660583496094,204.2054901123047,116.15975952148438,135.03439331054688,409.2300109863281,85.17259216308594
2026-01-08,258.3368225097656,475.09588623046875,326.63934326171875,202.49301147460938,120.49283599853516,138.44837951660156,411.489990234375,84.74571228027344
2026-01-09,258.6659240722656,476.2585144042969,326.0450744628906,201.15455627441406,122.1594009399414,138.78099060058594,414.4700012207031,85.30842590332031
2026-01-12,259.54351806640625,474.1717529296875,321.3899841308594,206.40017700195312,121.59080505371094,140.33639526367188,422.2300109863281,85.0561752319336
2026-01-13,260.34136962890625,467.70281982421875,307.9298095703125,210.2679443359375,124.05145263671875,141.09938049316406,421.6300048828125,85.20170593261719
2026-01-14,259.2543029785156,456.4839782714844,304.9287414550781,215.0904083251953,127.63946533203125,143.1634521484375,425.94000244140625,85.6965103149414
2026-01-15,257.50909423828125,453.7811279296875,306.30548095703125,216.09425354003906,126.59052276611328,141.4809112548828,423.3299865722656,85.6771011352539
2026-01-16,254.83633422851562,456.9609069824219,309.48480224609375,215.19866943359375,127.3355712890625,141.38307189941406,421.2900085449219,85.18230438232422
2026-01-20,246.0303192138672,451.6546325683594,299.8477478027344,214.75579833984375,127.89437103271484,143.79930114746094,437.2300109863281,84.06658935546875
2026-01-21,246.9777374267578,441.31024169921875,299.15447998046875,214.55894470214844,130.982421875,142.87974548339844,443.6000061035156,84.70691680908203
2026-01-22,247.67584228515625,448.2959289550781,300.729248046875,215.03135681152344,131.01182556152344,146.6654815673828,451.7900085449219,85.0755844116211
2026-01-23,247.36666870117188,463.0125732421875,294.875732421875,216.6552276611328,132.315673828125,147.92355346679688,458.0,85.30842590332031
2026-01-26,254.71669006347656,467.3152770996094,298.1640319824219,217.98385620117188,132.188232421875,147.2733612060547,464.70001220703125,85.71589660644531
2026-01-27,257.56890869140625,477.55029296875,297.44097900390625,220.8871612548828,134.1390838623047,146.14039611816406,476.1000061035156,85.18230438232422
2026-01-28,255.74388122558594,478.5937194824219,297.89654541015625,224.11524963378906,134.8743438720703,145.1552276611328,494.55999755859375,84.98825073242188
2026-01-29,257.5788879394531,430.7671203613281,303.49261474609375,223.69203186035156,137.74671936035156,147.67726135253906,495.8999938964844,85.0076675415039
2026-01-30,258.7756652832031,427.577392578125,302.9676818847656,223.65267944335938,138.61920166015625,149.51954650878906,444.95001220703125,84.53228759765625
2026-02-02,269.27703857421875,420.70098876953125,305.1961669921875,227.09727478027344,135.67819213867188,150.91848754882812,427.1300048828125,84.29075622558594
2026-02-03,268.7485046386719,408.6176452636719,311.8420715332031,229.4100799560547,140.90338134765625,153.01690673828125,454.2900085449219,84.49526977539062
2026-02-04,275.7394104003906,411.578857421875,314.23895263671875,230.7583770751953,144.68746948242188,154.54391479492188,453.9700012207031,84.28101348876953
2026-02-05,275.1610412597656,391.188232421875,307.1968688964844,234.02581787109375,143.20718383789062,156.25811767578125,441.8800048828125,85.19648742675781
2026-02-06,277.364990234375,398.61114501953125,319.3199462890625,236.19102478027344,146.1187744140625,156.80979919433594,455.4599914550781,85.2549057006836
2026-02-09,274.13079833984375,410.99261474609375,319.0228271484375,234.8623809814453,148.2362823486328,154.99710083007812,467.0299987792969,85.23542785644531
2026-02-10,273.19244384765625,410.6646728515625,315.2392883300781,234.57696533203125,148.6088104248047,156.7211456298828,462.3999938964844,86.21907043457031
2026-02-11,275.00921630859375,401.8207702636719,307.8505554199219,237.0472412109375,152.500732421875,157.62750244140625,467.6300048828125,85.76133728027344
2026-02-12,261.2637939453125,399.30670166015625,299.7487487792969,240.6788330078125,147.9611358642578,158.81956481933594,451.3900146484375,86.90080261230469
2026-02-13,255.32435607910156,398.7900085449219,299.6595764160156,239.5962371826172,146.50057983398438,157.6964874267578,462.6199951171875,87.37801361083984
2026-02-17,263.4099426269531,394.35809326171875,304.1958312988281,239.47813415527344,144.270263671875,157.18417358398438,448.20001220703125,87.52409362792969
2026-02-18,263.8791198730469,397.08087158203125,305.8300476074219,241.1118621826172,148.7012939453125,154.53407287597656,458.2799987792969,87.19296264648438
2026-02-19,260.11578369140625,396.8517761230469,305.10699462890625,243.00144958496094,148.98748779296875,156.20884704589844,459.55999755859375,87.2806167602539
2026-02-20,264.1086730957031,395.6267395019531,307.82086181640625,238.65142822265625,145.345947265625,158.39593505859375,468.6199951171875,87.07610321044922
2026-02-23,265.705810546875,382.918212890625,294.8262023925781,241.94839477539062,148.78024291992188,162.72085571289062,481.2799987792969,87.39747619628906
2026-02-24,271.6552429199219,387.4299621582031,294.459716796875,243.6699676513672,147.29994201660156,162.8292236328125,474.6099853515625,87.55330657958984
2026-02-25,273.74151611328125,398.9831237792969,300.40240478515625,242.5717315673828,147.10256958007812,160.9672393798828,473.4200134277344,87.56304168701172
2026-02-26,272.4637756347656,400.0986022949219,303.20538330078125,240.88975524902344,146.5894012451172,161.3218994140625,477.4800109863281,87.91363525390625
2026-02-27,263.7093811035156,391.15484619140625,297.4310607910156,245.79718017578125,150.4973907470703,164.72073364257812,483.75,88.44929504394531
2026-03-02,264.2484130859375,396.9413757324219,294.7172546386719,245.92579650878906,152.19480895996094,161.08546447753906,490.0,87.56108093261719
2026-03-03,263.2801818847656,402.2996826171875,297.3914489746094,244.13497924804688,149.83619689941406,157.35165405273438,468.1400146484375,87.38519287109375
2026-03-04,262.0523376464844,403.5645751953125,296.52978515625,242.7003631591797,147.85260009765625,155.95272827148438,471.79998779296875,87.1115951538086
2026-03-05,259.8263244628906,409.0224304199219,290.74554443359375,237.0904541015625,148.78024291992188,151.70663452148438,466.1300048828125,86.75981903076172
2026-03-06,257.0013427734375,407.30938720703125,286.7144470214844,237.85227966308594,149.22434997558594,151.3519744873047,473.510009765625,86.43736267089844
2026-03-09,259.41705322265625,407.757568359375,287.1502685546875,240.01905822753906,148.46446228027344,152.9183807373047,472.5299987792969,87.18977355957031
2026-03-10,260.3653564453125,404.122314453125,285.97161865234375,241.12721252441406,146.18479919433594,153.69667053222656,477.8599853515625,86.26148986816406
2026-03-11,260.3453674316406,403.245849609375,284.77313232421875,240.41482543945312,149.5894775390625,151.04656982421875,476.239990234375,85.14755249023438
2026-03-12,255.30438232421875,400.238037109375,280.1874084472656,239.47488403320312,151.5138702392578,148.26837158203125,466.8800048828125,84.9814453125
2026-03-13,249.6744384765625,393.9534912109375,280.7321472167969,238.9604034423828,154.06985473632812,148.41615295410156,460.8399963378906,84.56127166748047
2026-03-16,252.36964416503906,398.33575439453125,283.4261474609375,240.61270141601562,155.165283203125,149.86434936523438,460.42999267578125,85.21595764160156
2026-03-17,253.77711486816406,397.79791259765625,284.1492004394531,235.5865478515625,156.7245330810547,149.2338409423828,459.2699890136719,85.45045471191406
2026-03-18,249.49476623535156,390.2087097167969,284.9910583496094,234.7653350830078,155.5205535888672,144.53457641601562,444.739990234375,84.97167205810547
2026-03-19,248.5165252685547,387.4498596191406,285.2188415527344,235.0819549560547,156.0830841064453,142.69229125976562,426.4100036621094,85.48954772949219
2026-03-20,247.54823303222656,380.3287353515625,283.8223571777344,232.87557983398438,157.5732421875,142.14060974121094,413.3800048828125,83.86751556396484
2026-03-23,251.04200744628906,381.4541931152344,287.14031982421875,232.925048828125,159.0140838623047,141.85491943359375,404.0400085449219,84.4146957397461
2026-03-24,251.1917266845703,371.2355651855469,289.6065368652344,232.77664184570312,163.20826721191406,141.03721618652344,404.1300048828125,84.04339599609375
2026-03-25,252.16998291015625,369.5424499511719,292.59771728515625,237.3872528076172,161.11610412597656,141.78594970703125,416.2900085449219,84.85441589355469
2026-03-26,252.43951416015625,364.492919921875,288.8736267089844,236.70458984375,163.25759887695312,140.30819702148438,400.6400146484375,84.14111328125
2026-03-27,248.35679626464844,355.33001708984375,280.13787841796875,237.90174865722656,168.74459838867188,140.59390258789062,414.70001220703125,83.68184661865234
2026-03-30,246.19065856933594,357.51116943359375,281.0589904785156,239.92013549804688,169.21829223632812,142.57408142089844,414.5799865722656,84.79578399658203
2026-03-31,253.337890625,368.67596435546875,291.3497314453125,241.84947204589844,167.4320526123047,142.29823303222656,430.2900085449219,84.70783996582031
2026-04-01,255.17462158203125,367.8791809082031,292.5580749511719,241.53285217285156,158.66867065429688,141.95343017578125,437.82000732421875,84.62445068359375
2026-04-02,255.464111328125,371.9526672363281,291.7855224609375,240.46429443359375,158.57984924316406,140.997802734375,429.4100036621094,85.1444091796875
2026-04-06,258.3988342285156,371.375,294.125,238.41622924804688,161.2246551513672,140.6529998779297,427.6499938964844,85.0070571899414
2026-04-07,253.0484161376953,370.78741455078125,296.0662536621094,235.8833770751953,161.757568359375,139.2047882080078,431.80999755859375,84.99723815917969
2026-04-08,258.43878173828125,372.81915283203125,306.5888366699219,238.7427520751953,154.16854858398438,142.75140380859375,434.5299987792969,85.27193450927734
2026-04-09,260.02593994140625,371.56427001953125,308.938232421875,238.7526397705078,153.0040283203125,144.48532104492188,437.9100036621094,85.05610656738281
2026-04-10,260.0159912109375,369.3731384277344,308.4803161621094,235.93284606933594,150.50726318359375,143.007568359375,437.1300048828125,84.85008239746094
2026-04-13,258.73828125,382.8186340332031,312.2732238769531,235.43814086914062,150.63555908203125,141.4509735107422,435.3599853515625,85.10516357421875
2026-04-14,258.368896484375,391.5233459472656,309.7247009277344,237.5554656982422,147.28021240234375,142.2391357421875,445.0899963378906,85.55644226074219
2026-04-15,265.95538330078125,409.5602722167969,304.5579833984375,236.14060974121094,147.05322265625,141.2539520263672,440.4599914550781,85.18363952636719
2026-04-16,262.9307556152344,418.56378173828125,308.5599670410156,232.05438232421875,149.98422241210938,140.9879608154297,440.0799865722656,84.64408111572266
2026-04-17,269.7486267089844,421.0835876464844,308.8984375,231.6981964111328,144.51698303222656,144.75131225585938,445.92999267578125,85.41909790039062
2026-04-20,272.5635681152344,416.38262939453125,315.5683898925781,228.2451934814453,145.7406768798828,142.34750366210938,442.0899963378906,85.39947509765625
2026-04-21,265.69586181640625,422.44805908203125,311.5962829589844,223.76318359375,146.41177368164062,140.20968627929688,429.57000732421875,84.92857360839844
2026-04-22,272.68341064453125,431.1726989746094,311.6161804199219,223.70384216308594,147.5367889404297,140.7318115234375,435.260009765625,85.09535217285156
2026-04-23,272.9429016113281,414.07196044921875,310.29217529296875,228.2056121826172,148.5532684326172,143.54940795898438,431.0400085449219,84.90895080566406
2026-04-24,270.5771179199219,422.90618896484375,306.8974609375,225.0889892578125,146.9545440673828,147.08203125,433.25,85.06591796875
2026-04-27,267.1332702636719,423.1053771972656,310.232421875,222.95188903808594,146.24398803710938,147.30039978027344,429.8900146484375,84.64408111572266
2026-04-28,270.2277526855469,427.5174865722656,310.0532531738281,225.37591552734375,148.58287048339844,148.064697265625,421.9100036621094,84.73237609863281
2026-04-29,269.688720703125,422.7467956542969,307.86309814453125,224.94058227539062,152.63890075683594,145.37478637695312,417.4100036621094,84.07505798339844
2026-04-30,270.86663818359375,406.1341552734375,311.82525634765625,227.41409301757812,152.30337524414062,146.00010681152344,423.6600036621094,83.99658966064453
2026-05-01,279.6409606933594,412.76727294921875,311.06866455078125,224.7822723388672,150.74412536621094,146.16883850097656,423.17999267578125,84.29691314697266
2026-05-04,276.33685302734375,411.9505615234375,306.270263671875,221.82395935058594,151.67176818847656,142.3572998046875,414.7099914550781,83.65687561035156
2026-05-05,283.67376708984375,409.7196350097656,308.0124206542969,223.15966796875,152.84616088867188,143.82632446289062,418.2699890136719,84.11967468261719
2026-05-06,286.9978332519531,412.2891845703125,313.4877624511719,222.23951721191406,146.73744201660156,146.80410766601562,430.9599914550781,84.75969696044922
2026-05-07,286.9279479980469,419.07171630859375,304.8964538574219,220.15187072753906,144.65513610839844,144.9777374267578,431.67999267578125,84.3363037109375
2026-05-08,292.7974853515625,413.44451904296875,300.74517822265625,218.9744873046875,142.67153930664062,145.33506774902344,433.7699890136719,84.75969696044922
2026-05-11,292.42779541015625,410.99444580078125,298.6545715332031,219.08331298828125,147.71441650390625,142.29774475097656,434.6499938964844,84.24767303466797
2026-05-12,294.54595947265625,406.1241760253906,303.5126953125,221.88331604003906,148.65196228027344,142.8436737060547,432.92999267578125,83.68641662597656
2026-05-13,298.6124572753906,403.57452392578125,298.9034729003906,227.97804260253906,149.57962036132812,141.18605041503906,430.5,83.49933624267578
2026-05-14,297.9530334472656,407.7774963378906,298.56500244140625,228.35403442382812,150.77371215820312,141.65257263183594,427.2099914550781,83.61749267578125
2026-05-15,299.9713134765625,420.2170715332031,296.4743957519531,224.307373046875,156.90402221679688,140.52101135253906,417.2900085449219,82.37681579589844
2026-05-18,297.5833435058594,421.83056640625,299.3813171386719,226.4939422607422,159.45748901367188,141.33493041992188,418.42999267578125,82.2783432006836
2026-05-19,298.7123718261719,415.7352600097656,294.3738708496094,227.56248474121094,161.50424194335938,140.2530059814453,411.5,81.74662780761719
2026-05-20,301.98956298828125,419.36053466796875,300.625732421875,226.88970947265625,155.27456665039062,141.3845672607422,417.3999938964844,82.62298583984375
2026-05-21,304.7271728515625,418.3025207519531,301.6411437988281,229.27415466308594,154.2909393310547,142.3374481201172,416.989990234375,82.92823028564453
2026-05-22,308.55389404296875,417.7835388183594,305.0059814453125,231.85650634765625,153.92332458496094,143.3697509765625,413.82000732421875,83.38117218017578
2026-05-26,308.0643005371094,415.248291015625,305.3643493652344,229.0503387451172,148.84619140625,141.9007110595703,414.0,83.79473114013672
2026-05-27,310.5821533203125,411.8946228027344,297.93780517578125,230.15489196777344,146.948486328125,146.39715576171875,408.489990234375,83.99166107177734
2026-05-28,312.24072265625,426.18768310546875,295.3992614746094,229.66729736328125,146.01454162597656,144.828857421875,412.7699890136719,84.42491149902344
2026-05-29,311.7911071777344,449.3940124511719,297.9676818847656,224.22413635253906,144.32546997070312,142.4962615966797,417.1199951171875,84.44461059570312
2026-06-01,306.0460510253906,459.6546936035156,295.2499084472656,222.41307067871094,148.41897583007812,139.24057006835938,411.260009765625,84.49008178710938
2026-06-02,314.92840576171875,440.48077392578125,299.6102600097656,221.79611206054688,148.59780883789062,139.77658081054688,411.95001220703125,84.66802215576172
2026-06-03,309.9926452636719,426.53704833984375,299.50079345703125,222.1444091796875,151.5487060546875,139.1512451171875,407.8699951171875,84.33191680908203
2026-06-04,310.9618225097656,427.2456970214844,309.4957580566406,227.05020141601562,151.0618438720703,139.7368621826172,411.2699890136719,84.51973724365234
2026-06-05,307.0751647949219,415.8870849609375,310.9691162109375,231.6276397705078,148.9554901123047,145.4541778564453,396.239990234375,84.08477783203125
2026-06-08,301.2801818847656,410.9663391113281,309.7147521972656,231.0206298828125,150.77371215820312,144.0248565673828,397.2699890136719,83.64983367919922
2026-06-09,290.29962158203125,402.6520080566406,311.2976379394531,235.8368682861328,147.95199584960938,147.5684051513672,390.7799987792969,84.14409637451172
2026-06-10,291.3287353515625,396.61334228515625,307.75360107421875,237.31956481933594,149.65098571777344,147.94558715820312,374.5799865722656,83.90684509277344
2026-06-11,295.375244140625,389.6065673828125,312.0840759277344,237.16033935546875,145.6568603515625,147.2408447265625,386.32000732421875,84.99423217773438
2026-06-12,290.879150390625,390.00579833984375,319.28167724609375,239.6878662109375,146.064208984375,148.50143432617188,386.5400085449219,84.7866439819336
2026-06-15,296.1645812988281,399.0088806152344,317.96759033203125,234.50344848632812,140.01339721679688,149.3451385498047,396.54998779296875,84.73721313476562
2026-06-16,298.9821472167969,393.0899963378906,329.6549377441406,234.02578735351562,140.9473419189453,151.360107421875,397.6300048828125,85.20182800292969
2026-06-17,295.6949768066406,378.1980285644531,331.9645080566406,233.0506134033203,139.8345489501953,149.44439697265625,388.6000061035156,85.3402328491211
2026-06-18,297.7532043457031,378.6871032714844,323.761474609375,227.2691192626953,136.92340087890625,149.26573181152344,387.1199951171875,85.75540924072266
2026-06-22,296.75408935546875,366.6497802734375,329.993408203125,230.15489196777344,137.57916259765625,146.58572387695312,384.5899963378906,85.10296630859375
2026-06-23,294.04638671875,373.23736572265625,332.6414794921875,237.9066619873047,138.83103942871094,149.74217224121094,377.32000732421875,85.21170806884766
2026-06-24,292.8274230957031,364.7733154296875,331.95458984375,239.81723022460938,136.01925659179688,150.91342163085938,365.9200134277344,86.378173828125
2026-06-25,274.91290283203125,352.1670227050781,333.6170654296875,243.67820739746094,136.66506958007812,147.399658203125,369.4599914550781,86.34852600097656
2026-06-26,283.53546142578125,372.2691955566406,327.57427978515625,253.4102020263672,135.66156005859375,147.9158172607422,373.6300048828125,86.35841369628906
2026-06-29,281.4972229003906,367.8774719238281,327.91278076171875,257.2413024902344,135.18466186523438,147.3500213623047,368.5799865722656,86.44738006591797
2026-06-30,289.11065673828125,372.319091796875,325.86199951171875,252.7235870361328,135.8404083251953,145.55343627929688,368.3800048828125,85.42918395996094
2026-07-01,294.1263427734375,383.5579528808594,332.5718078613281,252.73353576660156,135.4032440185547,146.33758544921875,370.6000061035156,84.85173797607422
2026-07-02,308.3640441894531,389.7562561035156,332.9700012207031,261.74908447265625,136.20802307128906,150.28810119628906,378.1300048828125,84.8418197631836
2026-07-06,312.3905944824219,386.0133056640625,337.7200012207031,258.0572509765625,135.5622100830078,148.2036590576172,382.1300048828125,84.78227996826172
2026-07-07,310.3923034667969,388.109375,339.2200012207031,265.9284362792969,140.7784423828125,151.6181640625,377.489990234375,83.88932037353516
2026-07-08,313.1199645996094,382.6197204589844,330.6199951171875,262.1072998046875,140.2220458984375,147.30039978027344,374.45001220703125,83.7008056640625
2026-07-09,315.947509765625,383.6377868652344,335.4700012207031,257.8283996582031,136.57565307617188,145.7618865966797,378.17999267578125,83.82978057861328
2026-07-10,315.0483093261719,384.37640380859375,336.4700012207031,255.7188262939453,137.9865264892578,145.95046997070312,377.010009765625,83.80994415283203
2026-07-13,317.03656005859375,390.2553405761719,334.5299987792969,256.5049133300781,143.58029174804688,147.27061462402344,367.1300048828125,83.31385040283203
2026-07-14,314.58868408203125,384.20672607421875,342.8900146484375,252.60418701171875,144.15655517578125,144.99758911132812,372.1499938964844,83.4229965209961
2026-07-15,327.2178039550781,394.8866271972656,346.9100036621094,245.8076934814453,143.58029174804688,146.9530029296875,372.3500061035156,83.58174133300781
2026-07-16,332.97283935546875,400.3463439941406,343.1499938964844,248.7432098388672,145.0110321044922,150.37742614746094,364.9599914550781,83.55197143554688
2026-07-17,333.452392578125,393.08001708984375,341.1000061035156,251.7981414794922,146.41195678710938,148.86868286132812,368.4100036621094,83.85954284667969
2026-07-20,326.3085632324219,401.53411865234375,338.8699951171875,247.59886169433594,147.40553283691406,148.02499389648438,367.6000061035156,83.2344741821289
2026-07-21,327.45758056640625,397.00262451171875,345.2300109863281,249.3800811767578,150.73397827148438,147.00262451171875,374.80999755859375,83.00627899169922
2026-07-22,325.60919189453125,389.6065673828125,348.2099914550781,254.3754425048828,153.4563446044922,148.02499389648438,379.1199951171875,82.7879867553711
2026-07-23,321.3828430175781,380.8630065917969,349.8999938964844,257.99755859375,155.88064575195312,145.88099670410156,371.5199890136719,82.52009582519531
2026-07-24,332.7330322265625,380.9828186035156,353.2099914550781,262.1072998046875,155.93032836914062,147.41000366210938,371.8999938964844,82.59947204589844
2026-07-27,336.61968994140625,388.368896484375,356.20001220703125,264.6448059082031,153.7742919921875,148.6300048828125,374.6300048828125,83.09556579589844
2026-07-28,339.78692626953125,392.61090087890625,357.30999755859375,265.42095947265625,152.055419921875,148.8800048828125,369.3699951171875,83.58174133300781
2026-07-29,337.8985900878906,389.8061828613281,344.7099914550781,264.2268371582031,155.74154663085938,146.10000610351562,371.0799865722656,82.20259857177734
2026-07-30,333.1426696777344,450.2524108886719,350.8500061035156,254.56451416015625,155.96014404296875,143.9600067138672,377.1600036621094,82.15299224853516
2026-07-31,308.6438293457031,463.8468017578125,351.7900085449219,255.09190368652344,154.4399871826172,144.49000549316406,371.5400085449219,81.60728454589844
2026-08-03,303.1585693359375,486.73370361328125,352.6400146484375,253.1614227294922,154.0624237060547,144.97000122070312,371.7099914550781,81.87625885009766
2026-08-04,309.1134033203125,491.884033203125,357.5199890136719,253.67886352539062,152.96951293945312,148.00999450683594,374.1600036621094,82.50385284423828
2026-08-05,310.7320251464844,486.5440673828125,359.239990234375,256.3258056640625,150.6544952392578,146.8000030517578,389.6400146484375,82.68316650390625
2026-08-06,312.14080810546875,498.9207458496094,356.29998779296875,255.7188262939453,153.84384155273438,146.97000122070312,389.6700134277344,82.20499420166016
2026-08-07,313.05999755859375,499.0505065917969,357.5199890136719,257.96771240234375,152.055419921875,145.7899932861328,398.4700012207031,82.44408416748047
2026-08-10,308.260009765625,505.109130859375,359.7900085449219,260.5251159667969,158.76199340820312,146.44000244140625,402.5400085449219,81.74674987792969
2026-08-11,304.9100036621094,502.86334228515625,362.0400085449219,258.52496337890625,158.7719268798828,145.2100067138672,400.9599914550781,81.87625885009766
2026-08-12,302.25,491.5047302246094,365.17999267578125,259.5797424316406,158.7222442626953,144.0800018310547,404.9200134277344,81.79656219482422
2026-08-13,305.260009765625,495.9463806152344,363.1099853515625,260.79376220703125,157.58958435058594,144.25999450683594,398.9599914550781,82.27472686767578
2026-08-14,305.92999267578125,494.4691467285156,362.8399963378906,259.072265625,159.07000732421875,144.5500030517578,401.4800109863281,81.7268295288086
2026-08-17,305.5899963378906,479.44744873046875,360.9599914550781,261.0823669433594,161.4600067138672,143.1199951171875,405.489990234375,81.03946685791016
2026-08-18,310.0299987792969,480.72503662109375,363.25,269.7794494628906,165.55999755859375,143.4499969482422,398.54998779296875,81.3482894897461
2026-08-19,316.8299865722656,483.3999938964844,357.260009765625,272.06817626953125,164.77000427246094,144.3800048828125,413.8399963378906,82.70308685302734
2026-08-20,311.29998779296875,481.1499938964844,351.54998779296875,266.0578308105469,166.14999389648438,142.97000122070312,415.260009765625,82.02568054199219
2026-08-21,309.3500061035156,483.239990234375,351.5799865722656,268.9137268066406,165.11000061035156,144.67999267578125,423.3599853515625,81.7367935180664
2026-08-24,310.3399963378906,487.30999755859375,356.3900146484375,271.70001220703125,164.0500030517578,146.60000610351562,426.69000244140625,82.24484252929688
2026-08-25,309.8999938964844,491.7099914550781,356.69000244140625,273.1400146484375,160.63999938964844,145.39999389648438,428.07000732421875,83.15137481689453
2026-08-26,313.45001220703125,496.3699951171875,356.5,270.0,158.19000244140625,145.0,421.32000732421875,82.98202514648438
2026-08-27,314.5799865722656,505.05999755859375,354.2200012207031,265.7699890136719,156.44000244140625,143.13999938964844,422.6000061035156,82.81266784667969
2026-08-28,319.70001220703125,513.530029296875,357.6199951171875,268.0400085449219,156.7100067138672,143.77999877929688,408.8900146484375,82.5636215209961
2026-08-31,316.8500061035156,507.2900085449219,356.0199890136719,265.8500061035156,160.9499969482422,145.1199951171875,408.4200134277344,82.20499420166016
2026-09-01,325.1300048828125,501.0199890136719,354.95001220703125,271.19000244140625,164.5500030517578,146.2100067138672,396.75,81.87000274658203
2026-09-02,324.9599914550781,496.82000732421875,356.2200012207031,275.2099914550781,164.14999389648438,147.63999938964844,402.7799987792969,81.94999694824219
2026-09-03,328.2099914550781,510.1199951171875,362.05999755859375,278.42999267578125,162.2100067138672,146.9199981689453,410.2200012207031,82.06999969482422
2026-09-04,319.9700012207031,499.70001220703125,358.6400146484375,275.2300109863281,159.47000122070312,146.44000244140625,406.7699890136719,82.20999908447266
2026-09-08,316.2200012207031,493.95001220703125,353.510009765625,269.1199951171875,160.66000366210938,145.5800018310547,399.7200012207031,82.19999694824219
2026-09-09,315.3399963378906,491.6499938964844,354.7099914550781,267.0799865722656,164.22999572753906,142.63999938964844,403.3500061035156,81.7300033569336
2026-09-10,326.57000732421875,492.44000244140625,353.55999755859375,266.3500061035156,165.22999572753906,142.97000122070312,396.3599853515625,80.77999877929688
2026-09-11,332.2699890136719,495.6300048828125,356.2300109863281,265.5799865722656,165.99000549316406,145.27000427246094,398.7699890136719,80.87000274658203
2026-09-14,333.0799865722656,505.4100036621094,350.1300048828125,266.32000732421875,165.0800018310547,146.1300048828125,392.8399963378906,80.93000030517578
2026-09-15,331.3399963378906,497.1199951171875,352.489990234375,267.20001220703125,169.32000732421875,146.6699981689453,394.1499938964844,80.70999908447266
2026-09-16,332.4100036621094,490.29998779296875,348.9200134277344,267.2799987792969,163.32000732421875,147.02000427246094,391.739990234375,80.87999725341797
2026-09-17,337.0,497.75,349.30999755859375,270.2200012207031,163.27000427246094,147.5500030517578,398.3599853515625,81.77999877929688
2026-09-18,336.1300048828125,493.7799987792969,349.6700134277344,269.989990234375,163.5399932861328,146.38999938964844,401.1700134277344,81.25
2026-09-21,338.9800109863281,501.6099853515625,352.0400085449219,269.4700012207031,158.3000030517578,146.0800018310547,398.3800048828125,81.80000305175781
2026-09-22,339.75,498.0,340.0,269.19000244140625,158.7100067138672,148.22000122070312,400.07000732421875,81.75
2026-09-23,337.0199890136719,500.5899963378906,337.5299987792969,269.1700134277344,161.22999572753906,147.38999938964844,392.8800048828125,80.45999908447266
2026-09-24,335.9200134277344,497.92999267578125,338.55999755859375,270.67999267578125,162.13999938964844,145.67999267578125,391.69000244140625,79.41999816894531
2026-09-25,341.07000732421875,516.1699829101562,343.05999755859375,271.2200012207031,160.58999633789062,146.22999572753906,393.4100036621094,79.31999969482422
